timestamp,price,market_cap,volume
2025-03-16 15:03:58.489,83368.7697151249,1653779954158.0417,14567492767.953434
2025-03-16 16:03:49.887,83327.41736609103,1654044774035.2227,14782524315.520037
2025-03-16 17:10:45.596,83963.75617065372,1662582940463.4248,17685205115.31107
2025-03-16 18:09:56.347,83850.26919968214,1665041349433.205,18096767197.734604
2025-03-16 19:11:05.959,83673.10408191198,1665041349433.205,17671536978.509552
2025-03-16 20:09:45.562,83257.2524364498,1650250579784.3699,19568002942.424572
2025-03-16 21:09:52.499,83054.93850488712,1647210200954.5461,19920591555.355083
2025-03-16 22:04:49.388,82743.13181426356,1641440624644.2842,19808657240.13956
2025-03-16 23:04:36.763,82077.84518119802,1630167839348.9658,20945977227.046154
2025-03-17 00:09:48.565,82617.7331241566,1638737651555.1702,21877544080.929176
2025-03-17 01:09:39.987,83064.70985538384,1638737651555.1702,22530942838.022583
2025-03-17 02:04:49.745,83208.95029801303,1652104204949.9353,21395089633.29459
2025-03-17 03:04:59.644,83260.16652548696,1651197556871.9058,22821166197.4404
2025-03-17 04:04:51.969,83712.82326596747,1660655900116.381,23704778969.681656
2025-03-17 05:08:24.494,83431.48057163977,1654928382036.7798,24248374514.16546
2025-03-17 06:09:52.918,83272.61714728127,1648485428740.153,24705767710.93197
2025-03-17 07:07:04.946,83393.68086720291,1648485428740.153,25371694015.88135
2025-03-17 08:04:55.798,83528.44238695232,1657528198923.9094,21692964670.68874
2025-03-17 09:09:01.238,83476.89973804823,1656443619145.9617,25901365412.885525
2025-03-17 10:05:23.532,83625.88247117506,1658719570591.489,26464681961.55716
2025-03-17 11:09:49.971,83284.93030929644,1652864313079.37,26377399208.68291
2025-03-17 12:09:48.018,83333.77147533474,1657141047227.9456,25629928222.645393
2025-03-17 13:04:49.787,83054.86326244925,1657141047227.9456,22116000257.661633
2025-03-17 14:04:53.348,82932.58142558922,1647119754579.2239,23148448508.515636
2025-03-17 15:04:32.566,82888.72671035347,1644209507965.1384,26511085523.81332
2025-03-17 16:09:48.870,83583.93818642639,1656710107693.776,26943548872.965168
2025-03-17 17:04:59.198,83415.90071838192,1655376603685.0264,23430389698.329144
2025-03-17 18:00:56.990,84228.23544937836,1669735430524.1096,25658515033.301575
2025-03-17 19:09:47.967,84448.92794202417,1672917701803.2563,27310053284.31897
2025-03-17 20:05:38.530,84430.83006819447,1675596200256.427,26093746484.92529
2025-03-17 21:09:55.756,83977.89583491963,1666487561301.9407,25195709278.11418
2025-03-17 22:04:51.757,84088.43956648538,1668515946303.0237,26933760221.662228
2025-03-17 23:09:50.509,83980.78904995437,1666630743417.9995,24453935389.109447
2025-03-18 00:09:50.724,83920.30721263391,1665623962996.5786,25406030310.38451
2025-03-18 01:10:18.377,83877.42295483136,1665623962996.5786,24963184481.79632
2025-03-18 02:04:56.090,83130.45397201553,1648334393587.6042,24693323398.25316
2025-03-18 03:04:53.586,83351.13970133282,1654115647571.714,24817786672.629723
2025-03-18 04:04:43.054,83100.42286596482,1648742307097.336,23380519283.610775
2025-03-18 05:05:26.572,82998.59763474177,1646004973381.647,24198138125.40394
2025-03-18 06:05:34.401,82988.83415321489,1646383779951.7625,24124854930.08559
2025-03-18 07:04:56.844,82428.06846517629,1646383779951.7625,20675051265.921352
2025-03-18 08:09:51.650,83261.71116076875,1649824646755.9438,25124364227.717854
2025-03-18 09:09:55.433,83276.43582703028,1651507071631.5947,24074781714.29111
2025-03-18 10:08:11.714,82922.10615223943,1644576895323.773,25120390042.723526
2025-03-18 11:01:52.388,82787.295493254,1641653623088.7156,24634342591.65418
2025-03-18 12:00:27.284,82545.12487759089,1637344909119.1125,22028190672.979668
2025-03-18 13:04:29.694,82384.51632667694,1638967058222.329,22992352660.92518
2025-03-18 14:00:58.454,81259.85862657995,1611138153862.041,23699260803.43509
2025-03-18 15:09:29.308,81632.93965990763,1621503352563.6401,24847670750.08072
2025-03-18 16:03:57.520,81559.34875411353,1619161157057.0076,21937457072.598576
2025-03-18 17:09:57.799,81873.62930637106,1625204064351.956,22334056602.3728
2025-03-18 18:09:33.732,81380.28829871821,1614727579245.8455,23894308988.031937
2025-03-18 19:06:12.655,81839.8881631514,1614727579245.8455,17603193115.19384
2025-03-18 20:04:44.736,82201.79412495729,1634130632815.2031,24394194996.636242
2025-03-18 21:09:49.790,82051.95957857351,1627388105018.7031,23221256411.428757
2025-03-18 22:04:54.632,82001.52920368989,1626804888247.587,23660841746.178078
2025-03-18 23:09:43.793,82500.92476738001,1636163450244.5188,23817385164.65097
2025-03-19 00:04:44.135,82780.03048688271,1642578274105.806,24557570268.85276
2025-03-19 01:04:53.381,83100.88640848425,1641054865495.4958,25061583047.479454
2025-03-19 02:04:43.475,82703.69232896074,1642507994882.2207,24850348828.382732
2025-03-19 03:09:47.349,82938.50804446227,1644703593847.2737,24583947266.031067
2025-03-19 04:06:29.964,83058.47252533144,1648257123504.4487,24895518515.04881
2025-03-19 05:08:41.242,82996.62990102176,1646037323989.959,23267734922.366863
2025-03-19 06:09:42.092,83177.70738079348,1651490282732.821,22003890242.44255
2025-03-19 07:04:37.914,83171.46725678681,1651490282732.821,23654362013.355713
2025-03-19 08:04:54.827,83182.95823272505,1649962449310.7227,18825325290.573246
2025-03-19 09:07:04.438,83388.41592982221,1655273858387.589,21316171526.79614
2025-03-19 10:00:39.083,83531.79129549615,1657211338610.313,21760289137.461716
2025-03-19 11:05:34.537,83486.04202178019,1656647283904.9587,22048671333.88125
2025-03-19 12:08:32.064,83776.84720807298,1663866425862.851,24879326186.87394
2025-03-19 13:01:52.346,83761.43747882382,1663866425862.851,25271417114.573776
2025-03-19 14:04:35.249,84191.81444671717,1670048025872.3596,23414030527.62542
2025-03-19 15:04:47.607,84218.7779651746,1671441195494.543,22419141553.9543
2025-03-19 16:09:55.991,84620.39023500234,1679943952929.2769,25639232119.21216
2025-03-19 17:04:50.905,84590.9687216577,1678144958000.5242,26029403437.764484
2025-03-19 18:04:48.509,84258.56237624737,1669682270512.3386,23654130609.912506
2025-03-19 19:04:45.580,85888.99366381548,1669682270512.3386,23970187785.044983
2025-03-19 20:04:50.222,85452.54273371371,1691618628631.3025,31666067131.128265
2025-03-19 21:04:33.933,85343.76599188604,1690886416186.5674,31185280253.29358
2025-03-19 22:04:49.130,85629.40668023448,1696513992261.873,28408108419.99417
2025-03-19 23:04:53.861,86185.41143785912,1711682857860.0273,35287513708.10233
2025-03-20 00:04:56.352,86815.44109470697,1721565138141.278,33871216993.304657
2025-03-20 01:05:33.760,86023.02793690139,1726811709370.6262,37657952378.238594
2025-03-20 02:04:23.058,85865.46977691361,1704623497025.2627,37385039834.94244
2025-03-20 03:01:13.197,86081.32251805106,1708479204015.47,38065875351.94843
2025-03-20 04:06:20.572,85924.85863959961,1704223984501.0798,37934115796.560295
2025-03-20 05:16:13.222,85636.4698965906,1698966503945.3213,36523419889.539
2025-03-20 06:23:30.852,85894.57540910708,1702696269673.3582,37370562679.71329
2025-03-20 07:04:43.368,85779.65947424584,1702696269673.3582,35455260037.62761
2025-03-20 08:04:40.385,85846.60645541982,1702693988178.52,37504030617.76805
2025-03-20 09:09:21.861,86229.67963508387,1710516594143.749,37952466491.31484
2025-03-20 10:04:56.892,85882.7039898859,1703616873401.0193,38405126625.67551
2025-03-20 11:09:45.527,85222.63297451382,1690558032363.9478,38182250017.602806
2025-03-20 12:09:30.931,85380.33161914661,1694714912351.8013,34984243686.8415
2025-03-20 13:04:48.987,85310.96814284839,1694714912351.8013,37282066364.0617
2025-03-20 14:04:38.923,85504.94400788672,1694475588654.565,32804167875.871655
2025-03-20 15:07:38.884,85405.15657351525,1694322697119.1274,37033963486.112366
2025-03-20 16:04:51.036,84683.88848622817,1680053331506.578,35797163043.33246
2025-03-20 17:02:37.273,83735.87324881191,1661703939049.7744,36912417957.42944
2025-03-20 18:04:32.534,84006.03482067536,1669695194690.7668,38491996467.37394
2025-03-20 19:05:28.951,84040.25543267331,1667966503291.2627,34851360781.284386
2025-03-20 20:01:53.316,84134.39141427614,1671272775571.5288,32338096572.124634
2025-03-20 21:07:32.669,84531.19085429756,1677094125571.8171,29424074117.38823
2025-03-20 22:04:48.566,84309.65715170768,1672661453358.495,24442168397.204414
2025-03-20 23:04:57.112,84087.18295443771,1668563659240.3408,26212151279.36154
2025-03-21 00:07:16.021,84326.23460828917,1670792449939.0652,29074301901.64253
2025-03-21 01:04:55.872,84473.8179802995,1674990749440.0823,25528849965.027836
2025-03-21 02:04:51.821,84743.39249862774,1674990749440.0823,24649378617.677856
2025-03-21 03:04:06.012,84634.46695960859,1679119725835.6038,26305893030.713013
2025-03-21 04:04:55.452,84474.66633967978,1675949334590.022,21187365707.13271
2025-03-21 05:03:49.726,84630.85046766164,1679583071958.224,25832190316.857716
2025-03-21 06:04:41.835,84437.76675727686,1673505019358.9233,23433509662.58122
2025-03-21 07:06:31.572,84179.23584511163,1669291687492.811,24976598677.522617
2025-03-21 08:02:16.823,83881.93676879247,1664198613888.7217,21492673588.27407
2025-03-21 09:04:56.072,83989.60535436933,1665736093517.2964,23854737339.51809
2025-03-21 10:01:33.900,84094.71763124721,1667561668672.912,22673140189.179096
2025-03-21 11:01:11.378,84153.42484945175,1669584741547.8948,20029385480.56109
2025-03-21 12:09:27.011,84090.37418372162,1666612073375.86,24089178525.739376
2025-03-21 13:09:28.668,83378.30606761425,1653241943073.5032,22232109834.804947
2025-03-21 14:04:33.272,83962.6562833777,1664423240465.2524,22276056949.216503
2025-03-21 15:09:49.697,84086.27070181312,1669304106298.2278,23655329813.772423
2025-03-21 16:09:48.273,83441.73355131772,1655326006309.6172,21796540841.81103
2025-03-21 17:04:59.819,84061.42075215005,1668107700501.7776,20452876710.6468
2025-03-21 18:04:40.575,83979.4455154189,1666147160260.2302,19206674856.65841
2025-03-21 19:09:35.355,83969.07347934862,1665912981129.6396,19091601400.656483
2025-03-21 20:04:40.747,83956.06190164157,1665742561573.1663,15022867810.873013
2025-03-21 21:04:52.393,84195.35014198667,1670354735793.1653,18636020081.81139
2025-03-21 22:04:50.392,84331.08912652876,1672177289758.1426,18399321941.40538
2025-03-21 23:01:17.806,84143.3705534662,1669452580854.7131,15889602790.965174
2025-03-22 00:05:00.207,84009.532917822,1666749159154.2927,18091004975.919056
2025-03-22 01:05:11.252,84167.8697252113,1669698131778.226,17960968394.634296
2025-03-22 02:06:50.265,84014.19303884667,1667786783477.4531,17677897505.98951
2025-03-22 03:04:57.034,84158.98941802121,1669557028895.6956,17713343258.573483
2025-03-22 04:04:53.997,84228.4931007714,1671239508746.661,17303209446.59256
2025-03-22 05:04:41.205,84349.53250237869,1672806639661.2197,16098701675.453403
2025-03-22 06:02:46.938,84267.59944731584,1671758678979.4897,17198334581.934456
2025-03-22 07:04:49.989,84314.71637816796,1672590503376.8555,15886664749.724594
2025-03-22 08:07:33.014,84238.86837592987,1671364718722.004,13764917059.874195
2025-03-22 09:01:31.570,84203.20734855889,1670612377155.2798,15772265960.401066
2025-03-22 10:03:54.953,84346.3661567513,1673621395495.6235,14334859274.157944
2025-03-22 11:04:43.065,84392.82009721096,1674392155956.0356,12727152911.31574
2025-03-22 12:04:10.151,84208.98723312806,1670880161410.1294,15147062484.532446
2025-03-22 13:04:55.227,84212.39615152313,1670604320840.6553,12444139980.26951
2025-03-22 14:05:27.025,84148.9958208313,1669551783044.6565,12339984243.804409
2025-03-22 15:00:52.609,84003.42768297587,1667132792980.3098,12134454946.941154
2025-03-22 16:00:40.710,84106.99527875872,1668900484962.4631,11631464983.243954
2025-03-22 17:07:48.007,84112.46732431548,1669026815099.7498,10523788954.093693
2025-03-22 18:00:32.867,84228.27462397689,1671706288179.8838,10503076876.839512
2025-03-22 19:05:13.389,84228.95217301375,1671014377396.7021,9283241544.593723
2025-03-22 20:04:50.124,84164.286334733,1669745495451.0713,6876701064.264157
2025-03-22 21:04:56.272,83914.13490809177,1665048029389.7747,9562664426.43806
2025-03-22 22:04:57.312,83994.80525653713,1666563846605.169,8681064590.46009
2025-03-22 23:04:56.175,83948.80437413476,1666040545665.5435,8517906326.995917
2025-03-23 00:04:56.860,83823.01245126098,1662413111988.9397,9217017633.213474
2025-03-23 01:01:44.609,83994.73650641015,1666497270565.351,8987587807.2735
2025-03-23 02:04:45.378,84054.10410734905,1667244873574.8267,9063080390.136333
2025-03-23 03:01:53.072,84220.40851733647,1671097352910.6763,8062133345.223995
2025-03-23 04:04:47.779,84199.37799419848,1670558447354.842,6317210083.131712
2025-03-23 05:09:34.802,84125.97474677162,1668940377253.298,8851785851.528778
2025-03-23 06:04:57.079,84204.78308895703,1671376110314.0674,8893240791.127125
2025-03-23 07:04:49.362,84255.48012582533,1671936612244.8901,7709194176.688952
2025-03-23 08:09:35.553,84281.47572220222,1672174791953.826,7122608472.25863
2025-03-23 09:04:54.939,84338.92959046464,1672619692469.82,7729564388.260283
2025-03-23 10:09:43.596,84308.26196392841,1672725337213.726,6705021628.486908
2025-03-23 11:04:47.110,84445.14986317117,1675435232331.1287,8368986857.309823
2025-03-23 12:02:29.342,84658.59701739515,1678755484287.8503,8095626252.280974
2025-03-23 13:04:50.300,84705.0272672479,1680399921180.3894,7902760769.991239
2025-03-23 14:04:50.859,85060.61255461848,1685453331371.5486,9969357472.516552
2025-03-23 15:08:33.578,84946.52220438045,1685390310477.767,10355871169.506824
2025-03-23 16:14:30.962,85149.72744367947,1688479094185.1006,10627840380.840954
2025-03-23 17:09:42.266,85371.1391031313,1691774192995.5513,10776823490.207102
2025-03-23 18:09:45.764,84954.75634459515,1686072633341.2156,11412097479.984419
2025-03-23 19:07:02.661,84930.81430153771,1685616962204.8423,10167019399.615282
2025-03-23 20:01:38.964,85011.00877668706,1686976548642.671,10325443627.049824
2025-03-23 21:06:25.198,85050.65759373661,1688386391864.4404,10864157568.679825
2025-03-23 22:04:46.735,85194.14813792474,1689452565934.1055,11680826449.986683
2025-03-23 23:05:28.734,85396.29041826307,1694313001348.4167,11193035182.352144
2025-03-24 00:04:50.591,86114.33370456511,1702009594329.4495,12944902999.00793
2025-03-24 01:06:43.288,85858.27751657135,1704788987549.3484,12685913040.034721
2025-03-24 02:06:00.414,85560.23956148796,1698706113022.3198,14678104683.07983
2025-03-24 03:04:43.755,85883.039117483,1704697891064.477,12101896024.219042
2025-03-24 04:04:55.539,86587.00817085963,1716195553943.1392,16249596879.025938
2025-03-24 05:04:49.483,86894.07650042877,1723102576811.4084,14764336995.938797
2025-03-24 06:06:00.777,86946.04244661995,1723717485912.183,18144408239.11632
2025-03-24 07:03:09.256,87126.56799401094,1728673495964.3264,17012596961.198837
2025-03-24 08:09:30.685,87083.94017266696,1725165765224.261,20387538419.47386
2025-03-24 09:04:25.158,87419.9071984332,1735477296721.482,18677489441.22024
2025-03-24 10:04:52.924,87172.88980549254,1729167624093.7988,19052142506.309254
2025-03-24 11:04:57.114,87807.28866290172,1741786174238.8196,20718094826.585716
2025-03-24 12:05:39.697,87686.17138536507,1740008427327.473,21785734940.058273
2025-03-24 13:04:36.379,87346.75998699872,1732082162720.5327,21904634622.155514
2025-03-24 14:09:42.611,88039.63937738597,1743509302232.9683,24794759977.028492
2025-03-24 15:04:53.797,87952.73226527461,1744965136789.3057,21408583763.969894
2025-03-24 16:04:52.429,88339.89035924661,1752863379278.3064,19923798010.15974
2025-03-24 17:04:33.095,88015.45327020861,1746281724512.0085,28005373243.39807
2025-03-24 18:04:48.419,88462.86393414128,1755046334716.8225,30090057216.029556
2025-03-24 19:04:45.767,88474.3135894229,1756464414567.623,29585074727.55511
2025-03-24 20:04:58.636,88259.76395777306,1751822766980.2302,29356071617.620415
2025-03-24 21:04:48.266,87866.17486946298,1743397769666.8113,30878620238.41873
2025-03-24 22:02:19.480,88188.34015751413,1749804663223.7083,35039346443.25662
2025-03-24 23:08:01.895,87355.15333559812,1735189501350.797,35781712292.725075
2025-03-25 00:05:35.024,87404.87649068212,1736010009543.4463,35787475027.20128
2025-03-25 01:04:32.481,87622.78459104586,1738675244270.562,34346993239.181965
2025-03-25 02:04:34.878,87132.16734771413,1731672424127.459,35387482745.78712
2025-03-25 03:04:39.460,86869.50462202856,1723543947639.8936,28131060113.33063
2025-03-25 04:04:46.977,86427.65033425306,1716589184381.494,32210161922.646458
2025-03-25 05:00:27.507,86436.2290521335,1716407047147.2285,29585889920.07701
2025-03-25 06:04:46.330,86671.25268250058,1720227052736.2507,32116989300.095264
2025-03-25 07:05:00.079,86618.22840507625,1718635702200.5706,23831871159.226776
2025-03-25 08:04:48.691,86460.41782128905,1716261141162.674,28559198338.36299
2025-03-25 09:04:20.747,86724.36314353025,1720763230395.8252,27544862193.727257
2025-03-25 10:04:56.752,87273.9836862527,1731521990256.6855,25572848504.695488
2025-03-25 11:04:14.450,87138.136227693,1728725986002.3088,23964389148.812878
2025-03-25 12:04:27.476,87413.3113487359,1734557186533.356,29800105267.462284
2025-03-25 13:05:12.968,87103.10754688627,1728268873799.5103,30473806129.582123
2025-03-25 14:00:46.888,87425.59711353843,1731241919666.8901,31865613568.07576
2025-03-25 15:09:32.314,88106.52827227654,1747198744027.2979,28298154389.646446
2025-03-25 16:02:51.011,87772.72551391833,1740872306923.125,29162434947.779037
2025-03-25 17:04:46.570,87826.12190670078,1742571895969.3389,26082227545.604538
2025-03-25 18:09:43.094,87974.75685468162,1745366378961.9204,30932019959.585617
2025-03-25 19:09:34.488,87960.9259253167,1745262195697.1592,27573940600.01937
2025-03-25 20:04:48.021,88199.60526776778,1750818625619.0615,24946108986.757996
2025-03-25 21:06:02.933,87936.51137016094,1744830190987.4487,28767014614.652634
2025-03-25 22:03:50.062,87741.71106058777,1740968686889.7048,30411274069.074875
2025-03-25 23:06:38.826,87321.36793603227,1732643281821.4788,30504107048.060806
2025-03-26 00:04:49.354,87424.06865781397,1736444530990.2063,30282779550.730293
2025-03-26 01:06:11.688,87647.88550868542,1739174319063.499,28962261867.249687
2025-03-26 02:04:33.658,87874.30791795647,1742808792399.2605,25975886041.639935
2025-03-26 03:01:26.021,87371.3491304742,1734233561901.287,29665357950.451767
2025-03-26 04:05:49.174,87205.4427253819,1730413717912.4695,29363130008.35759
2025-03-26 05:04:10.281,87334.3860075193,1732578485967.9712,26289068116.125698
2025-03-26 06:04:47.764,87538.98447599208,1736911238937.0894,27317146531.34157
2025-03-26 07:04:40.675,87953.57974749732,1744882942818.411,28897456435.08485
2025-03-26 08:04:37.452,88159.21504635461,1749759369727.404,28383627895.402317
2025-03-26 09:05:21.981,87983.70142460795,1744915117149.8997,29607645894.21867
2025-03-26 10:01:25.788,87922.27667040464,1744565140314.6484,26818250424.260193
2025-03-26 11:04:55.270,88240.46256324385,1750831185408.176,26830550485.254684
2025-03-26 12:04:28.151,87998.8047039292,1746405672424.0217,28323994131.249474
2025-03-26 13:04:48.961,87795.45224485123,1741973983152.412,24568236963.751717
2025-03-26 14:03:50.683,87219.71294548987,1732822824687.2412,28526666987.08393
2025-03-26 15:04:51.003,86823.44172743564,1722186314268.7188,26849718510.173206
2025-03-26 16:01:11.211,86745.53174766526,1720746184854.1106,27350676632.845985
2025-03-26 17:04:35.693,86454.04031914235,1717233820992.4915,27296519734.135445
2025-03-26 18:04:40.575,86566.57610290994,1717634402682.2693,20493662541.845657
2025-03-26 19:04:53.403,86217.63942503363,1713126382648.927,27353673063.748257
2025-03-26 20:04:50.699,86625.17449589507,1719467194015.4705,25271613688.36781
2025-03-26 21:04:30.530,87199.42852219005,1729710808534.7258,28502305454.441372
2025-03-26 22:03:01.708,87150.9659589762,1729881301573.1968,25450064580.279488
2025-03-26 23:08:00.483,86817.98796198177,1722837475609.0845,24214995153.743797
2025-03-27 00:04:41.339,86913.68578612641,1724367665542.8616,25184660306.741398
2025-03-27 01:04:39.772,87277.52244284363,1730362247871.2178,25540194749.296482
2025-03-27 02:09:46.260,87484.22713450069,1735895769317.9255,25305971460.705265
2025-03-27 03:04:43.770,87636.52233889826,1740124145693.8254,26312739947.78807
2025-03-27 04:04:46.185,87684.58507410828,1739414777262.1968,21915113481.168404
2025-03-27 05:04:42.858,87519.00306751425,1736591615855.238,25491762300.230244
2025-03-27 06:04:50.281,87309.51046145338,1731829225219.1519,25530606156.562138
2025-03-27 07:04:20.200,87382.68434468325,1732939615490.1362,25202804754.906918
2025-03-27 08:04:47.531,87426.40019335548,1734508962976.6873,20712779310.991844
2025-03-27 09:04:29.709,87468.52663938893,1734754227151.5154,24544348025.04745
2025-03-27 10:04:51.079,87517.37274800161,1736633976406.2688,24211544540.829872
2025-03-27 11:04:44.174,87227.42279262032,1730810660127.1055,19970067757.117313
2025-03-27 12:05:55.794,86886.0329308739,1724488132739.8843,25058625822.831005
2025-03-27 13:04:47.921,86836.77934030221,1722856496863.3748,24528416764.944305
2025-03-27 14:04:51.705,86311.36672144024,1709624158236.8616,24957254379.15693
2025-03-27 15:04:46.582,87284.7757395601,1730330016604.1394,23972308207.355747
2025-03-27 16:03:56.795,86951.76421649675,1726953435972.8914,21890977284.903522
2025-03-27 17:03:15.939,86803.87202525735,1722914049096.5818,26277064382.60975
2025-03-27 18:00:50.262,86901.47646822476,1726857730935.2085,26668232714.970627
2025-03-27 19:04:43.641,87207.48052895733,1730442164374.644,25392890315.657364
2025-03-27 20:04:27.408,87022.23634069061,1729429584548.8413,18760248906.758682
2025-03-27 21:04:30.356,87311.73452661555,1732206335787.5352,23460302474.523922
2025-03-27 22:04:54.977,87577.72538017163,1736644651441.304,23720111591.73468
2025-03-27 23:04:54.348,87305.46595898429,1733395500667.403,24355802796.690277
2025-03-28 00:04:49.111,87212.97468263778,1730130227423.7974,24027993322.40388
2025-03-28 01:04:56.632,87337.4665470881,1734187557294.3062,24072008462.965023
2025-03-28 02:02:39.918,87220.58974772833,1730941850542.6736,22734848954.768867
2025-03-28 03:04:55.663,87003.73711142981,1728490635726.9468,24173829152.53246
2025-03-28 04:04:54.390,86777.75784016024,1722563588370.4658,24292573153.979626
2025-03-28 05:00:52.164,86254.14224809303,1708048440556.8352,25569565949.290546
2025-03-28 06:04:51.898,86031.83128027114,1708075853872.5986,24904628300.173683
2025-03-28 07:04:48.233,85660.18490491247,1699690534284.8665,27060183887.73245
2025-03-28 08:14:41.654,85374.42563128132,1694279645149.3413,28629449112.561867
2025-03-28 09:04:41.052,85205.94321631963,1690860134950.1863,25107280335.88548
2025-03-28 10:04:33.230,85114.01221695973,1688950152070.6284,28336577807.026863
2025-03-28 11:06:34.263,84893.79618774568,1684035792799.1892,30691312209.554523
2025-03-28 12:05:29.268,85167.80064394798,1690110018898.767,30960776787.35904
2025-03-28 13:04:45.166,85022.1158107608,1689910559338.6191,31694388618.295437
2025-03-28 14:04:57.279,84996.80217812448,1685518037490.859,24547018710.769196
2025-03-28 15:05:36.116,84315.24214798606,1670777670689.3408,28569431407.02376
2025-03-28 16:09:38.263,84082.29777900936,1667101365265.9006,29194309757.628998
2025-03-28 17:04:52.341,83719.60743307101,1662269903234.2258,32080481521.25397
2025-03-28 18:04:59.369,83952.91072558291,1665658795200.269,31723164536.121426
2025-03-28 19:01:45.297,83827.52742896962,1663444134029.4253,31850913656.0039
2025-03-28 20:04:49.903,83785.9970399872,1662382277294.8867,33134399361.6655
2025-03-28 21:04:53.861,83762.71757013239,1662498571168.8237,31150520912.108944
2025-03-28 22:00:33.322,83955.84709919438,1665546505824.7458,30889634879.47576
2025-03-28 23:09:32.102,84478.16251367884,1675354695338.9177,30159125052.807995
2025-03-29 00:05:19.465,84359.46915506005,1673182800974.1038,31674486232.097313
2025-03-29 01:01:35.919,84356.18868046836,1673965298635.8113,32113590891.423794
2025-03-29 02:04:53.256,84386.77613913322,1672206530760.273,33228986108.48189
2025-03-29 03:04:49.563,83837.05251809006,1663189129942.287,33958910981.950394
2025-03-29 04:04:58.188,84173.41437233011,1670360466058.2073,31965362204.456
2025-03-29 05:04:47.911,84045.10988015977,1667146376777.72,31729024279.040745
2025-03-29 06:04:54.229,83947.40619319715,1665829230773.5962,30278010701.88614
2025-03-29 07:05:51.176,83744.87093314683,1662034302294.1304,29768288292.211952
2025-03-29 08:01:12.023,83701.85920800563,1661375068418.7527,27694297172.449863
2025-03-29 09:04:37.758,83894.4274576301,1664547471931.3286,23956962478.94217
2025-03-29 10:04:48.310,83508.44848841902,1655807729350.0527,26649358925.22473
2025-03-29 11:04:59.066,82953.25385473119,1647942689671.8835,26985389132.434864
2025-03-29 12:04:56.240,82237.62203229136,1632024826959.83,24735379076.481697
2025-03-29 13:04:42.742,82396.18735905731,1634161640811.5872,26555982093.003212
2025-03-29 14:00:37.930,82793.81582488914,1642931108944.5088,19417016939.07493
2025-03-29 15:04:35.989,82471.49051640474,1637657259959.5964,20954810770.309135
2025-03-29 16:04:11.064,82386.35050942781,1634534304998.435,17946934139.761864
2025-03-29 17:04:47.242,82162.685941113,1630418125750.231,17221197057.734447
2025-03-29 18:04:42.267,82346.68633969543,1634108730899.2373,19850028229.505623
2025-03-29 19:07:26.735,82305.29496801457,1632055609119.3994,19312016224.01923
2025-03-29 20:08:56.150,82502.35566528513,1638599930619.5493,16813286188.595509
2025-03-29 21:04:20.736,82483.38479164489,1636557562693.977,15033604187.562237
2025-03-29 22:07:31.099,82428.14555995223,1635690766361.1018,15695008247.57511
2025-03-29 23:07:59.216,82311.72140355429,1634799005934.615,15940848427.445204
2025-03-30 00:04:55.150,82603.84608714566,1639457830515.0764,16425351535.660994
2025-03-30 01:04:32.657,82780.67040433415,1642064975624.0315,14780618218.299532
2025-03-30 02:04:34.358,82930.05815369933,1645031735594.5586,16759506724.388903
2025-03-30 03:04:38.823,83292.98909963878,1651864880708.025,16005427277.407228
2025-03-30 04:04:34.040,83066.49252905766,1648242667004.5686,17013741125.346006
2025-03-30 05:04:32.991,83096.07674952217,1650896033248.459,16974828693.73428
2025-03-30 06:04:35.220,82935.22943299318,1645646088419.1191,16979562363.455618
2025-03-30 07:00:33.863,83137.68269393778,1649319481804.3945,13542288596.1423
2025-03-30 08:04:39.130,83053.40070328081,1648064630307.8945,14733482629.306595
2025-03-30 09:04:46.751,83353.632024973,1653711804165.6245,16878375000.29647
2025-03-30 10:04:41.408,83440.59474949405,1656620353244.022,16178605582.852652
2025-03-30 11:04:41.538,83108.82259101293,1649392186665.3464,15489312073.829985
2025-03-30 12:04:44.099,83065.56137310392,1649240115998.0708,14397939311.113218
2025-03-30 13:04:43.810,83038.37790704927,1647367165353.5745,11243444524.511093
2025-03-30 14:04:38.842,82722.57464096136,1641556303387.7725,13651506824.044409
2025-03-30 15:03:09.676,82758.56160404938,1643026810098.352,14478602960.729437
2025-03-30 16:09:31.105,82681.44287077147,1641128590239.2827,13851367081.449612
2025-03-30 17:04:47.468,82274.6912690196,1632427796021.68,14284291176.322014
2025-03-30 18:09:21.132,82514.66681903032,1636608485260.195,13904007208.309381
2025-03-30 19:02:01.782,82727.0691413136,1640778628611.3518,13151252766.131523
2025-03-30 20:04:00.570,82515.76586162791,1637616326250.196,13409475284.15382
2025-03-30 21:04:47.655,82553.26654935416,1637688396357.9,13066589739.365843
2025-03-30 22:04:51.424,82190.67408154199,1629815120963.5671,13216164733.326347
2025-03-30 23:04:48.885,82377.94312671632,1637086369307.5815,14523903512.3047
2025-03-31 00:04:27.865,82355.18824543593,1634123949304.9016,12882081645.230942
2025-03-31 01:04:52.376,81615.15679949729,1619067701831.0938,14234443026.572197
2025-03-31 02:02:38.749,81825.6051256894,1623139934583.3152,15758510826.415176
2025-03-31 03:02:41.198,81914.94920836002,1626603778052.5808,15793580000.77007
2025-03-31 04:02:28.843,81496.23755227726,1616665509030.0527,14562655156.81983
2025-03-31 05:04:52.032,81892.18710736942,1622456847940.5986,17710682928.742985
2025-03-31 06:04:26.265,82121.83919121162,1629862584253.6653,17466531939.962482
2025-03-31 07:01:51.998,81981.93953358226,1626666179180.0017,17121575456.241575
2025-03-31 08:03:30.691,81884.11109014327,1623897591992.0618,19297703978.60489
2025-03-31 09:04:49.639,81882.34625826216,1625555978781.3257,19926328730.74158
2025-03-31 10:04:21.646,81488.96451396754,1614928127964.7046,20566460536.704803
2025-03-31 11:04:52.578,82184.6497493072,1630105053544.833,19574300937.92419
2025-03-31 12:04:26.791,82227.54336233468,1630259880152.9326,21677397047.884262
2025-03-31 13:05:43.149,82741.55197322981,1643789190191.39,20552042118.723705
2025-03-31 14:03:49.665,82553.4254041944,1638328666572.0774,24441967895.806602
2025-03-31 15:00:53.808,83500.4896400052,1660115966490.7869,26207354985.357533
2025-03-31 16:04:47.899,83447.38626910759,1655403659282.4858,28775593542.998875
2025-03-31 17:04:30.513,83277.76436696327,1652588202678.8787,28810068175.5503
2025-03-31 18:00:49.523,82643.59909200664,1640220005338.9495,27059929741.824867
2025-03-31 19:09:37.958,83299.9810590052,1652291105689.8757,25696732383.287865
2025-03-31 20:04:45.238,82348.25633896062,1635852560718.4355,30464047245.949497
2025-03-31 21:04:40.879,82394.12780936091,1635089361987.6716,24777608865.258823
2025-03-31 22:04:28.037,82542.85168725922,1638065268100.6265,31419666636.569595
2025-03-31 23:04:46.187,82372.42496571247,1633798787966.2148,30357000546.959167
2025-04-01 00:02:14.101,82553.23623643283,1637630753870.8704,25563649533.896156
2025-04-01 01:04:52.542,82632.17739877684,1640438624964.794,26281072993.08448
2025-04-01 02:04:44.960,82687.62921124356,1641312696168.2913,25615350269.83096
2025-04-01 03:04:44.186,83099.7132171393,1647827683654.8228,28329740730.40455
2025-04-01 04:04:36.544,82938.776894528,1645464237452.5964,28432388359.392963
2025-04-01 05:04:34.613,83037.21355746588,1647902738187.318,24175658613.498203
2025-04-01 06:04:46.868,82965.36899692599,1647084862472.349,28093283099.652836
2025-04-01 07:04:35.765,83434.03386130522,1656500828505.6445,21063266603.44518
2025-04-01 08:04:53.710,83460.19817794718,1656018185696.6333,27757378813.46636
2025-04-01 09:09:44.944,84301.95269620928,1672666648611.1565,28489521236.196194
2025-04-01 10:04:44.581,84370.26093529824,1673886777363.0833,28005951192.21493
2025-04-01 11:04:49.221,84194.93109759485,1671667841964.8845,28505694643.86854
2025-04-01 12:01:34.929,83889.52404655488,1665038655185.6157,28529728833.762424
2025-04-01 13:09:32.720,83589.39097506716,1660631131476.4229,27412314330.22344
2025-04-01 14:04:39.019,83619.87350890883,1660147480030.7458,26875778658.77939
2025-04-01 15:06:18.541,84281.84680860782,1671784059972.967,25114148961.668224
2025-04-01 16:04:48.622,85311.29137218822,1692198383660.4175,24174551852.799816
2025-04-01 17:04:45.615,85089.10675897203,1690672888587.4946,26413732181.050247
2025-04-01 18:04:56.957,85253.00123334384,1692094220882.6409,29598591719.7757
2025-04-01 19:04:40.475,85133.05972535553,1687826679179.801,26283717606.899483
2025-04-01 20:05:45.976,84929.06237244017,1686033463176.7578,29534732174.078537
2025-04-01 21:04:51.962,85245.22438987631,1692094129551.8276,25650064898.36904
2025-04-01 22:04:42.548,85244.43181925929,1691907914157.5723,29355794172.034203
2025-04-01 23:04:52.481,85073.12003223266,1688786831339.5361,29678910840.35733
2025-04-02 00:04:51.597,85151.38359873935,1689879670634.6924,29670672164.87349
2025-04-02 01:04:54.025,84981.39412820044,1686025507206.8796,26849289307.878853
2025-04-02 02:04:56.429,85152.65632409418,1688803538310.2292,27105811148.298145
2025-04-02 03:04:59.886,84728.41789937182,1683049955934.1716,29470375236.418343
2025-04-02 04:09:44.525,84650.3303317548,1679151638877.7222,29771176229.10041
2025-04-02 05:04:41.614,84580.70592294853,1677454490922.6465,30071782497.63079
2025-04-02 06:04:49.985,84083.22112364328,1669449166506.5698,27348459019.06654
2025-04-02 07:04:49.860,84126.51474147492,1670769992930.4302,30454259461.216843
2025-04-02 08:04:34.459,84416.00027025993,1674801282401.6172,27710852493.3641
2025-04-02 09:04:43.251,84665.33194165595,1680004905194.4827,27188182151.94643
2025-04-02 10:04:51.032,85021.65957232645,1686580305631.5051,28301420685.726868
2025-04-02 11:00:28.903,84844.77000604966,1687102938838.2615,29580552850.53757
2025-04-02 12:09:32.518,84597.15150833085,1679228446467.2432,27853571978.93522
2025-04-02 13:09:30.048,84938.61029698861,1687359120917.6338,29202908702.90064
2025-04-02 14:04:58.557,85461.5657413444,1695003759397.5286,30699382150.49999
2025-04-02 15:07:35.023,86036.13444049208,1705431005727.5532,27512255878.855892
2025-04-02 16:09:25.304,86617.24415685238,1721128316534.6167,27171501037.532825
2025-04-02 17:04:57.119,87106.00781966242,1726775057382.305,32926776948.43761
2025-04-02 18:03:23.992,86612.92096605808,1718948607973.5908,34221437172.359905
2025-04-02 19:04:56.151,86317.97978903714,1712942901753.8013,34186846761.148643
2025-04-02 20:04:30.944,86412.29967901438,1714415914199.1282,32987667240.442547
2025-04-02 21:02:08.126,85654.66996320832,1699871882019.431,34110652032.56304
2025-04-02 22:04:58.273,84604.64636587836,1682231789872.079,45519488380.77094
2025-04-02 23:05:43.323,82670.64635520295,1642995522133.0803,45940274232.67593
2025-04-03 00:00:33.025,82526.4221526433,1637358764747.381,46332905657.77597
2025-04-03 01:04:57.817,83067.24275015933,1647837096555.4202,51076854220.90282
2025-04-03 02:04:49.283,83776.68744254543,1663592938437.6272,42315560971.23392
2025-04-03 03:03:06.659,83783.75496624704,1662196658801.6152,41750845130.14617
2025-04-03 04:04:32.946,83487.8420491959,1656585570074.6348,55299429663.012985
2025-04-03 05:04:24.002,83564.27184811681,1658287022920.429,53540608356.10901
2025-04-03 06:04:54.873,83409.39729897068,1655664599679.575,53122166406.67223
2025-04-03 07:04:36.116,83003.67579388311,1649006838122.5945,56313501453.10708
2025-04-03 08:03:27.563,83494.99176119595,1656528532296.4492,55357023269.36049
2025-04-03 09:04:53.534,83710.89586871512,1659142417815.4355,56720133153.202965
2025-04-03 10:02:13.103,83575.16343053042,1659441187689.0254,55899600175.60965
2025-04-03 11:04:34.260,83230.13519692069,1652456888779.9253,51495134756.62141
2025-04-03 12:04:25.956,83050.51017309572,1648503520181.4963,56425696776.94176
2025-04-03 13:07:16.129,81957.14755593218,1625196409962.2832,54319722448.73375
2025-04-03 14:09:22.246,81974.59932693769,1629460709637.7878,57834038924.678764
2025-04-03 15:07:10.424,81476.42191638195,1617785555469.2476,51926673213.41304
2025-04-03 16:09:41.555,82305.22481184445,1628450479858.025,55195286275.6087
2025-04-03 17:04:45.474,81831.40669422467,1622084897588.2407,50688817892.279816
2025-04-03 18:04:56.196,81883.96787174862,1623308109682.353,50844411993.05212
2025-04-03 19:04:23.432,82023.69651873449,1627264862788.4421,44281574929.73047
2025-04-03 20:04:39.573,82010.58295485632,1627677257083.6777,52805518321.396484
2025-04-03 21:04:54.534,82337.19466168135,1635086810109.0522,44053575615.33363
2025-04-03 22:04:26.624,82763.14038772575,1640771914359.8186,43974747542.62464
2025-04-03 23:04:50.984,82654.29602655036,1640610411811.1997,40608919507.91365
2025-04-04 00:05:40.782,83208.52796536,1649883020931.6636,32092092444.889397
2025-04-04 01:04:43.728,83029.72559074209,1646666144705.237,30294579708.361736
2025-04-04 02:04:47.660,82676.67638736672,1641567684702.9478,36932660154.353065
2025-04-04 03:04:33.317,82870.73001816859,1643076446664.5627,36108484208.3857
2025-04-04 04:04:43.226,82793.26810143121,1643236784548.1006,32604011035.783726
2025-04-04 05:04:52.661,82709.74394735025,1641406971551.437,32784685540.304333
2025-04-04 06:08:04.340,83155.70194321594,1651068040645.0764,33439094927.153805
2025-04-04 07:04:33.552,83064.77766424145,1647752382555.4014,31722484736.03644
2025-04-04 08:04:50.551,84003.03159736587,1666395756766.055,25975259865.24822
2025-04-04 09:04:49.047,84375.94429798229,1674379018579.1582,37319407427.940384
2025-04-04 10:04:35.357,84613.64673947358,1680321724115.9402,37409909039.35253
2025-04-04 11:04:36.527,82548.3231829159,1637997289664.3364,38789591437.493645
2025-04-04 12:02:51.787,82701.99933626983,1637966658358.8079,43376683679.573105
2025-04-04 13:02:03.133,82809.93939073119,1643952888890.9731,39273633804.04626
2025-04-04 14:09:32.286,83238.43488678202,1652459275756.9006,40595155718.21919
2025-04-04 15:09:36.258,83111.34435575195,1649150655984.3906,44740397833.26715
2025-04-04 16:05:00.114,82881.13400156828,1643589145412.7842,45767666718.51474
2025-04-04 17:04:54.284,83345.06970919853,1653868009217.0232,46534525608.73695
2025-04-04 18:03:53.933,84430.20296834389,1675310985275.4434,47400773794.68037
2025-04-04 19:04:58.705,83881.50017713505,1664292537846.835,48675948167.99212
2025-04-04 20:04:40.257,84003.03688086948,1665064890775.585,48685504659.56455
2025-04-04 21:07:01.180,83997.83057459719,1667135112496.8494,48023269375.297325
2025-04-04 22:04:52.147,84162.25073278768,1670232776289.1284,45564894603.32469
2025-04-04 23:04:43.435,84032.71900547225,1667761443139.5173,47469588650.659355
2025-04-05 00:06:50.663,83733.5293123474,1664077710046.412,44828705325.184166
2025-04-05 01:04:30.834,83784.56595678756,1661136573619.2065,45482265480.65607
2025-04-05 02:04:50.860,83958.723779881,1665779848251.5137,43149683403.38114
2025-04-05 03:04:35.072,83944.75551931879,1665499239892.37,44699029103.63448
2025-04-05 04:07:37.484,83616.73180229477,1660890159981.8696,45219603364.917305
2025-04-05 05:04:42.964,83658.77387416866,1658667926625.296,43037300008.586945
2025-04-05 06:04:43.450,83674.19259061506,1660313847060.5244,42415941851.523346
2025-04-05 07:04:46.421,83455.56861802349,1655444735653.7097,44312245416.114044
2025-04-05 08:04:41.783,83491.71149443637,1656420608366.4924,33860477897.633312
2025-04-05 09:04:49.330,83508.26233301332,1657545138102.1836,41538289934.712616
2025-04-05 10:04:55.829,83853.69411353327,1664225129899.6172,37442119183.05279
2025-04-05 11:09:36.812,83642.02603878912,1659506332930.3186,34124195355.40144
2025-04-05 12:09:25.025,83422.40556286192,1655557121183.4924,33090733070.581554
2025-04-05 13:02:26.968,83241.35572383246,1651719441848.9387,28826016518.12049
2025-04-05 14:04:54.912,82718.10761381598,1639591895249.8018,25381767510.22837
2025-04-05 15:04:41.892,82907.99227530952,1646606100644.1438,25993360394.662632
2025-04-05 16:04:48.270,82623.6290432163,1638091080943.347,22722300158.145954
2025-04-05 17:02:29.563,82734.08954677006,1640240622079.5967,20960055804.194088
2025-04-05 18:04:45.253,82819.72161473092,1643728414303.8528,18350074936.74171
2025-04-05 19:02:14.339,83065.2030025991,1648250718289.0232,16702996084.049162
2025-04-05 20:04:46.036,82842.65807273751,1643513831083.499,14767834624.497978
2025-04-05 21:04:56.430,83048.82025070609,1647859018406.3264,14836662136.022923
2025-04-05 22:04:59.759,82909.58127927136,1645021034817.4568,13262047441.74706
2025-04-05 23:04:48.207,83167.51792928776,1650411688906.9507,14712750992.349504
2025-04-06 00:04:52.197,83514.33824375339,1657421636425.5369,12379158344.909739
2025-04-06 01:04:52.044,83478.3555807481,1657200516750.2974,14147828229.411526
2025-04-06 02:00:54.662,83397.09190766429,1655267911233.643,12177791275.34085
2025-04-06 03:04:43.792,83276.1107612312,1652049065606.8743,13247194918.210222
2025-04-06 04:04:48.480,83315.28334221698,1653810839440.107,12034824513.735352
2025-04-06 05:04:45.972,83466.04551371699,1655920917712.5896,14310348452.824505
2025-04-06 06:04:53.790,83417.47028660915,1655684050100.992,13564235745.113823
2025-04-06 07:04:52.241,83089.49111405638,1649796209495.0623,13333120914.891941
2025-04-06 08:02:20.660,82975.83411105986,1648793251423.4883,14162306692.82024
2025-04-06 09:04:53.547,83007.51033558365,1647385381102.43,13820842994.066427
2025-04-06 10:04:52.140,83027.183569238,1647512429693.3445,12263166526.030157
2025-04-06 11:01:41.891,82814.296001643,1643537558879.2776,11546535037.20323
2025-04-06 12:03:54.727,82806.57594457337,1643737596595.784,13876552982.486824
2025-04-06 13:04:42.431,82640.53404661184,1639971430934.6333,12533112070.277021
2025-04-06 14:04:54.271,82259.21568163771,1632744528245.9473,11595902078.302656
2025-04-06 15:04:39.677,82583.11633305943,1639080378731.4302,14099673977.982374
2025-04-06 16:05:36.876,82409.48424398851,1637888083256.7256,14058332541.0709
2025-04-06 17:03:35.595,81902.07701788642,1625651963325.8162,14680680809.997856
2025-04-06 18:09:47.199,80308.20456629425,1601783415279.5671,17724315550.751553
2025-04-06 19:09:38.060,78970.01327663523,1567493641693.0686,21908662405.310764
2025-04-06 20:09:29.486,79727.02415711907,1580486347585.1765,24617195392.665432
2025-04-06 21:04:43.760,78831.61045651248,1563470201101.0007,23186821696.425507
2025-04-06 22:04:34.872,78898.16417534047,1567661089557.9304,29307589454.356834
2025-04-06 23:09:37.698,77918.79195001676,1548878815407.6177,33567369881.877934
2025-04-07 00:04:25.632,78366.83212378949,1550549463512.147,36923952133.53284
2025-04-07 01:09:36.560,78387.6912670073,1560455401827.6797,39992794599.495674
2025-04-07 02:43:31.760,78393.60272692906,1559191953437.0603,44321772596.82131
2025-04-07 03:27:53.990,78102.0875366474,1549430526415.4277,42298663801.337616
2025-04-07 04:00:32.190,77583.13554332654,1539434892231.5894,44555514956.13573
2025-04-07 05:07:04.098,76710.56508400357,1524283013946.7097,47896368012.98912
2025-04-07 06:04:01.885,76867.82910572468,1524882519665.9993,49979083049.667595
2025-04-07 07:04:51.241,74773.2587934775,1485815978054.9163,53377334138.2379
2025-04-07 08:04:57.434,75161.94887573915,1491406939638.3562,59497488627.39267
2025-04-07 09:04:54.764,76178.35448995476,1515887405897.9424,63458436854.36305
2025-04-07 10:01:14.412,76233.23187588078,1511686015352.23,64233755647.045845
2025-04-07 11:04:03.946,76919.88747388404,1524988357186.828,65625732179.40932
2025-04-07 12:04:51.597,76790.25609208614,1520687537282.9226,73216300274.3503
2025-04-07 13:04:57.142,77203.88350041474,1533281384736.0833,78122898372.43529
2025-04-07 14:02:14.119,78421.18308496752,1544077828086.7698,83384262481.13869
2025-04-07 15:06:30.802,79250.75260353838,1570053100333.2888,89979722382.1693
2025-04-07 16:04:41.116,78444.4226404733,1557057135171.0044,96904908891.59248
2025-04-07 17:04:48.804,77421.74966092409,1533141568616.0278,101852957602.38841
2025-04-07 18:04:51.047,79063.49516004637,1566697460486.156,104572725158.28871
2025-04-07 19:04:58.978,78467.73933090719,1557510373553.77,102287269406.92703
2025-04-07 20:04:38.720,78046.94250227706,1549094679958.2273,93420613946.55878
2025-04-07 21:01:51.833,78824.84561495368,1564983312198.438,92789985469.97688
2025-04-07 22:04:41.932,79172.2817090801,1573760779025.9575,99753479897.15236
2025-04-07 23:04:50.992,79898.18473633853,1589450404492.6758,92166207576.78459
2025-04-08 00:25:35.422,79462.14204389678,1573076427908.5059,90158806290.83464
2025-04-08 01:04:42.940,78928.09866658547,1567196347745.577,91724107591.94812
2025-04-08 02:04:33.216,80678.70925924664,1604409793247.252,87149322252.47937
2025-04-08 03:06:03.716,79900.64902994683,1585284055787.4487,76286124094.67517
2025-04-08 04:04:58.540,79875.47993646495,1582628276093.2075,89798087643.61368
2025-04-08 05:09:37.246,80007.32341078427,1590612629040.462,87142263774.70036
2025-04-08 06:04:47.463,79799.90914623915,1584402724642.0283,81327464093.54695
2025-04-08 07:05:32.514,79411.29383844102,1576133830964.9668,79429999806.93149
2025-04-08 08:04:59.881,79446.76021326096,1576845423451.0247,75014156425.23972
2025-04-08 09:07:43.185,79090.38478456163,1569534776726.5537,71849550189.01585
2025-04-08 10:05:19.110,78932.56330430893,1567005815002.176,70616511592.4608
2025-04-08 11:03:54.774,78970.69563692114,1568271491229.5403,68553734977.40481
2025-04-08 12:09:47.980,79860.58407289122,1586005815663.7627,65387728733.575195
2025-04-08 13:05:56.148,79830.81203946835,1584360309939.2405,65920330732.58972
2025-04-08 14:04:52.051,79839.36409691784,1585428515676.0603,64053199082.20768
2025-04-08 15:04:43.127,78772.54353637139,1563564389843.6035,53143447636.67016
2025-04-08 16:09:32.391,78407.02418753588,1556705357202.5322,44345337583.46566
2025-04-08 17:07:11.033,77348.32262284741,1535133323614.6626,46103293708.959076
2025-04-08 18:09:49.532,77268.01412263024,1533450028861.3318,47761896691.04623
2025-04-08 19:09:43.743,77152.06625886497,1533592784800.4521,47440759748.97461
2025-04-08 20:04:48.179,76748.49569818853,1520159789837.8298,48368260326.139145
2025-04-08 21:04:53.120,76989.32782724098,1528126984781.3508,47728873325.989624
2025-04-08 22:01:03.759,77011.48228778424,1528520889813.951,47978646923.28383
2025-04-08 23:01:32.604,76617.7575009251,1520642979656.125,48384581325.195854
2025-04-09 00:05:21.509,76300.77843824399,1514381125881.6816,47626917678.72891
2025-04-09 01:01:07.034,76436.39359258307,1517988404405.6704,48433689289.16818
2025-04-09 02:04:58.560,76006.86998159163,1507319818413.6582,49604807785.481636
2025-04-09 03:09:33.036,75658.78700635744,1501833764347.0083,51303326269.78315
2025-04-09 04:04:51.829,75101.3997278555,1491704237884.187,49797571155.19237
2025-04-09 05:04:51.344,76346.08636985684,1516694637963.6807,53867258035.36106
2025-04-09 06:04:49.838,76610.86422122183,1519540494039.714,52642266976.685005
2025-04-09 07:00:45.626,76915.69399121219,1528004355459.3567,52844236422.58714
2025-04-09 08:05:21.722,77711.09591952938,1542401795662.4558,57988781783.27727
2025-04-09 09:04:46.936,77268.17847587695,1533515271471.8323,58118883326.91038
2025-04-09 10:33:46.596,77316.05556408654,1534085116646.7168,58138375115.977196
2025-04-09 11:04:44.447,77214.3488944691,1534488205716.3945,58418427747.68415
2025-04-09 12:04:44.301,76129.73403043275,1511563133951.6997,60854388062.46817
2025-04-09 13:04:41.476,76829.34847591358,1524882583938.4546,51836222102.070076
2025-04-09 14:09:36.107,77860.31844171116,1545842940465.9028,60857356957.88401
2025-04-09 15:04:59.204,77023.89133348042,1531560816148.243,63555652152.19617
2025-04-09 16:04:53.788,77141.99408276133,1531972438433.7424,63342108403.41126
2025-04-09 17:05:55.304,78095.08055640166,1547747000081.6758,62246902656.5321
2025-04-09 18:04:38.303,81841.29813646984,1616111176533.5232,70626904455.33423
2025-04-09 19:04:51.159,81938.0185184143,1629171104707.747,75096524547.49097
2025-04-09 20:00:17.560,82328.13489688843,1634299020833.9878,76141645245.54094
2025-04-09 21:05:41.946,83004.7027605787,1645740861953.631,83392686956.00835
2025-04-09 22:04:42.421,83315.43959137528,1651763554184.9512,86771813610.8113
2025-04-09 23:04:59.794,83058.34775924393,1648524590006.9963,87562233420.75386
2025-04-10 00:04:50.148,82595.42668033838,1639326710291.1028,87537570479.44295
2025-04-10 01:04:28.190,82182.12470713933,1630733099896.3147,87059830380.59415
2025-04-10 02:09:17.592,82285.79183047339,1632762797581.0732,83567566570.09784
2025-04-10 03:06:01.380,82121.20904532197,1631488997082.6594,82206625245.50539
2025-04-10 04:44:15.952,81720.2016936257,1621386857955.0972,81046819990.53201
2025-04-10 05:49:12.494,82128.18344703503,1629772275168.6323,79519442459.42447
2025-04-10 06:19:44.095,82189.87168997104,1630043614786.982,79360467966.26245
2025-04-10 08:30:56.064,81696.40122795808,1621609432700.004,72562655586.9155
2025-04-10 08:47:37.956,81618.62070888275,1620065550454.0662,76257910344.36177
2025-04-10 09:01:00.271,81532.13745973041,1619327811967.9006,75875374163.10333
2025-04-10 10:57:30.741,81656.71640958315,1620643899567.0596,73305880137.06934
2025-04-10 11:26:28.733,81549.5629152091,1617998979412.3567,71022137765.51314
2025-04-10 12:07:59.873,81773.4962941072,1623531417369.1677,69352938379.6774
2025-04-10 13:04:57.964,81658.41593509233,1620705167341.6694,65467398855.26968
2025-04-10 14:04:33.966,81024.51565768477,1610343551881.3892,68486263499.74985
2025-04-10 15:04:57.212,81329.67668040557,1615379250120.6492,67108594514.87676
2025-04-10 16:05:00.136,78835.58867030361,1565600420485.6387,65644111012.857376
2025-04-10 17:06:06.973,79368.23940861579,1575276292730.9788,70888634180.39557
2025-04-10 18:08:31.092,79297.99031979717,1572083267838.087,60756615340.33802
2025-04-10 19:05:30.902,79529.67606306932,1576963555204.816,54286898934.88174
2025-04-10 20:09:28.195,79724.89465979146,1582102154758.3362,51162850767.6052
2025-04-10 21:08:37.278,79878.62357184727,1585132821261.8242,47571379360.9424
2025-04-10 22:05:26.534,79709.36877328751,1582231333901.4172,45147645092.309654
2025-04-10 23:04:40.889,79715.508089801,1582350886182.1143,43267549355.3218
2025-04-11 00:04:58.587,79556.41318002685,1579759626096.387,41077070897.03185
2025-04-11 01:07:39.334,79086.09032816654,1569820773518.5676,42227532911.570885
2025-04-11 02:04:58.214,80069.49594573223,1586950264960.4595,42567753205.5687
2025-04-11 03:04:42.488,80322.94507383362,1594479035913.2205,41263576603.720146
2025-04-11 04:04:42.416,80758.214835068,1602943291518.562,42371197785.98522
2025-04-11 05:04:43.780,80822.59872142244,1604395572379.605,42594352398.682465
2025-04-11 06:00:59.145,80747.36408765496,1602454529046.795,42482180220.95143
2025-04-11 07:04:38.895,81065.03226648102,1609784875435.8481,42815481695.825836
2025-04-11 08:04:56.499,81251.15450032747,1612927954487.9326,40700503086.96724
2025-04-11 09:04:29.374,81531.54534166763,1617229911142.656,41637349591.5081
2025-04-11 10:04:55.196,82296.44406983381,1633856704944.1113,44592054194.714134
2025-04-11 11:04:57.441,82622.7737499299,1640130757305.6223,45228503158.325325
2025-04-11 12:04:48.038,82096.00775002626,1629132772454.2666,46155304045.27445
2025-04-11 13:02:57.840,82039.16991257631,1628761784529.5042,44957219232.776726
2025-04-11 14:04:51.767,82687.66283280615,1645092656553.07,43215910693.078125
2025-04-11 15:04:50.011,81969.68431773817,1627310039621.1714,45320627489.87455
2025-04-11 16:06:57.101,82480.3838471879,1637516530728.0256,40202150345.75773
2025-04-11 17:04:59.237,82782.29915850204,1643652813733.3223,36707765544.121765
2025-04-11 18:04:08.640,83874.22618739116,1664875977064.3557,35835556612.159004
2025-04-11 19:04:37.606,83625.9499325832,1660078305319.9258,38381445380.1516
2025-04-11 20:04:51.501,83820.09298809218,1664029222848.574,39626463277.5451
2025-04-11 21:04:56.671,83849.48096887217,1664531847718.7166,39649358027.51177
2025-04-11 22:02:50.679,83687.0262905728,1661589594904.3792,40119068155.5766
2025-04-11 23:02:04.630,83403.67277102497,1655983516594.6467,38099070316.84869
2025-04-12 00:04:54.651,83437.92254404748,1656563922943.2563,39789755580.940674
2025-04-12 01:04:53.658,83339.31246065375,1654687321128.0413,37868067045.200554
2025-04-12 02:02:29.713,83170.65968986193,1650992706177.0315,37918455876.84178
2025-04-12 03:09:03.694,82861.85819962031,1646123373470.1714,32318751442.107494
2025-04-12 04:04:58.092,82961.51750754256,1647311929052.9558,36636989852.724815
2025-04-12 05:04:49.346,83199.96650893788,1651910912459.766,36743861932.47194
2025-04-12 06:03:58.541,83303.79275397805,1653512323349.8318,36173265756.955925
2025-04-12 07:04:51.887,83549.9107448874,1658359377013.5618,35790775307.16792
2025-04-12 08:04:44.290,83704.62816108475,1662138780197.9504,35547950542.648155
2025-04-12 09:09:09.084,83666.1312703991,1659353915586.5288,33936008075.092648
2025-04-12 10:04:51.899,83500.54104423865,1657685505179.8318,32905129471.260765
2025-04-12 11:09:34.402,83447.195072062,1655625540359.0881,31308450807.052475
2025-04-12 12:08:15.164,83502.21970476018,1657566453230.894,29752034592.281033
2025-04-12 13:02:26.489,83737.13579117409,1661423471023.872,29128529910.89431
2025-04-12 14:08:09.344,84428.14749494086,1675963149845.1973,23696964674.706665
2025-04-12 15:04:04.998,84884.66465071926,1685423130257.8955,27582963673.435135
2025-04-12 16:01:23.512,85008.74302161673,1688375264458.209,27402007024.141376
2025-04-12 17:08:42.553,84687.53545478488,1680677741014.3665,26671635706.551483
2025-04-12 18:04:51.875,84749.20272127507,1682298878511.3838,24876431519.27257
2025-04-12 19:04:58.709,85106.24814466636,1688998505401.0203,23519608210.049343
2025-04-12 20:05:42.931,84904.11727218305,1685249100229.9646,22475086129.55206
2025-04-12 21:04:59.076,85528.04428969568,1697349915910.7766,20979791604.324734
2025-04-12 22:04:56.253,85384.6852677325,1694533216118.0007,22612158931.712547
2025-04-12 23:01:23.055,85369.94860925588,1694666494691.161,22437523630.075287
2025-04-13 00:04:57.196,85296.72976736756,1693298115272.2937,22325929332.096783
2025-04-13 01:04:38.189,85464.59019442675,1696700989201.1313,21399222261.13456
2025-04-13 02:04:44.176,85337.18790410843,1694020394639.0994,23396242677.806522
2025-04-13 03:03:29.974,85232.85128493622,1691579466896.4778,24457704490.116997
2025-04-13 04:04:44.025,85422.0967425296,1696911209904.77,25560343378.302025
2025-04-13 05:04:44.265,84667.07071059634,1680895353730.1907,24731321788.50571
2025-04-13 06:04:29.714,84515.92251627243,1677539633798.1484,26262893325.624413
2025-04-13 07:04:52.815,84710.09360463546,1681937575141.4858,26386644957.651676
2025-04-13 08:04:57.053,84457.0360990321,1676928635383.6426,26235264077.84562
2025-04-13 09:04:49.008,84585.13863461434,1678576012243.0017,25866892892.878635
2025-04-13 10:04:51.436,84881.3367521123,1683967167504.354,27323440533.198444
2025-04-13 11:04:58.068,84668.81761593616,1680614157714.8914,26081174915.99955
2025-04-13 12:04:52.052,84446.94289624105,1675435317438.6394,26397290018.562984
2025-04-13 13:06:45.645,84436.51740072019,1676946323229.8643,28159487773.909782
2025-04-13 14:04:53.012,83648.98919141645,1661429160321.6543,26048780716.475864
2025-04-13 15:04:37.889,84031.22500638437,1667478310589.342,24769563529.27932
2025-04-13 16:08:50.699,83980.12231485195,1664660674946.1628,25328407067.985912
2025-04-13 17:04:42.972,84210.62712650532,1671546672394.2363,24986549564.45461
2025-04-13 18:04:50.275,84771.87106577087,1683556019237.149,24679527738.848885
2025-04-13 19:04:52.667,84731.50450347898,1682018693416.1511,25895428108.637703
2025-04-13 20:08:15.724,84017.0882151789,1666186342870.306,27256915334.673058
2025-04-13 21:04:38.302,83438.00410089483,1656865863443.602,25961464844.32891
2025-04-13 22:04:40.265,83574.27265943393,1658049216410.0396,26859453166.53088
2025-04-13 23:04:57.456,83330.90244768845,1655103263851.7512,28219796845.757812
2025-04-14 00:04:41.854,83637.28172222206,1660460168651.854,28804463914.194767
2025-04-14 01:05:22.825,84420.85655994239,1674233845138.73,28687054543.567158
2025-04-14 02:04:49.454,84188.62885806532,1671243315479.3315,29588528890.414555
2025-04-14 03:04:38.071,85142.12257679901,1690157296977.508,29052400164.1941
2025-04-14 04:04:32.362,84520.33459198069,1677050362904.956,31237009053.118988
2025-04-14 05:04:31.796,84908.86594967128,1685651952388.3608,29651147022.6566
2025-04-14 06:09:31.682,84464.7604669509,1677405211521.5603,29848560812.822533
2025-04-14 07:04:41.459,84551.38712005342,1678246239693.389,29758771728.241455
2025-04-14 08:04:30.453,84555.6272692444,1678494654422.7407,30124322587.092262
2025-04-14 09:04:32.487,84723.07963389653,1681022591456.8303,30125033691.47228
2025-04-14 10:04:27.572,84428.69559111315,1675873640446.6277,29412856192.643673
2025-04-14 11:06:33.757,84626.70459097729,1680639327268.5134,30848923328.692116
2025-04-14 12:07:53.170,84887.52973148914,1685032135817.3738,30839249973.236317
2025-04-14 13:04:51.736,85104.2026773784,1688967800409.4954,30988333334.62906
2025-04-14 14:04:54.942,84446.0708102059,1677347743951.2163,31227223620.751675
2025-04-14 15:02:20.879,85667.64514540603,1700484916398.3586,32496414004.012585
2025-04-14 16:06:17.528,84158.074707306,1671124715672.5083,34036063036.06071
2025-04-14 17:00:49.882,84437.69989177307,1676211727474.1025,35315472059.30048
2025-04-14 18:04:56.944,84802.421103376,1683410963460.4902,35472161766.72967
2025-04-14 19:02:22.638,84947.04782692718,1686248727418.8784,35537902440.184235
2025-04-14 20:01:01.748,84916.65944245027,1685672543793.0696,35492260043.1935
2025-04-14 21:04:56.391,84872.47644905868,1684683158271.2231,34863462682.38971
2025-04-14 22:01:39.241,84678.29714727977,1681062115807.3123,34075616806.901947
2025-04-14 23:04:44.792,84516.57227578854,1678082326458.5723,33472488655.716427
2025-04-15 00:04:53.349,84590.22055897689,1678629331479.658,33301832326.690807
2025-04-15 01:04:56.920,84805.40623454058,1683443766875.3496,32302286398.17088
2025-04-15 02:04:59.782,84973.75743867172,1687419436258.7405,30469383535.225815
2025-04-15 03:00:02.574,84909.8088011936,1685053615867.2373,28833215507.335575
2025-04-15 04:00:35.753,85264.26252155572,1692574867106.922,28438051177.296925
2025-04-15 05:09:19.420,85540.8011230295,1697276411902.327,27855974355.779774
2025-04-15 06:03:03.179,85650.19655642175,1700970615676.516,28093151424.647682
2025-04-15 07:08:57.818,85470.69141248541,1695457374876.8755,28175986120.09364
2025-04-15 08:11:03.987,85718.22005374837,1701534104617.8223,28075532993.712482
2025-04-15 09:01:32.707,85822.84294330432,1703833536519.283,28259366423.178886
2025-04-15 10:01:20.979,85917.26834462702,1705080170350.2478,27150999951.62466
2025-04-15 11:04:57.184,85620.89303105656,1699686702149.7595,28444107083.885624
2025-04-15 12:04:49.151,85568.11153809096,1698473477170.3079,28174722832.51464
2025-04-15 13:04:40.862,85750.21230099528,1700338311197.8452,27988401173.19857
2025-04-15 14:05:22.214,85643.31333199244,1700682297664.5164,26554300407.591824
2025-04-15 14:53:38.000,85226.277280507,1691750739596.1377,29474388274.1464
