timestamp,open,high,low,close,market_cap,volume
2025-03-25 16:00:00,87772.72551391833,87772.72551391833,87772.72551391833,87772.72551391833,1740872306923.125,29162434947.779037
2025-03-25 17:00:00,87826.12190670078,87826.12190670078,87826.12190670078,87826.12190670078,1742571895969.3389,26082227545.604538
2025-03-25 18:00:00,87974.75685468162,87974.75685468162,87974.75685468162,87974.75685468162,1745366378961.9204,30932019959.585617
2025-03-25 19:00:00,87960.9259253167,87960.9259253167,87960.9259253167,87960.9259253167,1745262195697.1592,27573940600.01937
2025-03-25 20:00:00,88199.60526776778,88199.60526776778,88199.60526776778,88199.60526776778,1750818625619.0615,24946108986.757996
2025-03-25 21:00:00,87936.51137016094,87936.51137016094,87936.51137016094,87936.51137016094,1744830190987.4487,28767014614.652634
2025-03-25 22:00:00,87741.71106058777,87741.71106058777,87741.71106058777,87741.71106058777,1740968686889.7048,30411274069.074875
2025-03-25 23:00:00,87321.36793603227,87321.36793603227,87321.36793603227,87321.36793603227,1732643281821.4788,30504107048.060806
2025-03-26 00:00:00,87424.06865781397,87424.06865781397,87424.06865781397,87424.06865781397,1736444530990.2063,30282779550.730293
2025-03-26 01:00:00,87647.88550868542,87647.88550868542,87647.88550868542,87647.88550868542,1739174319063.499,28962261867.249687
2025-03-26 02:00:00,87874.30791795647,87874.30791795647,87874.30791795647,87874.30791795647,1742808792399.2605,25975886041.639935
2025-03-26 03:00:00,87371.3491304742,87371.3491304742,87371.3491304742,87371.3491304742,1734233561901.287,29665357950.451767
2025-03-26 04:00:00,87205.4427253819,87205.4427253819,87205.4427253819,87205.4427253819,1730413717912.4695,29363130008.35759
2025-03-26 05:00:00,87334.3860075193,87334.3860075193,87334.3860075193,87334.3860075193,1732578485967.9712,26289068116.125698
2025-03-26 06:00:00,87538.98447599208,87538.98447599208,87538.98447599208,87538.98447599208,1736911238937.0894,27317146531.34157
2025-03-26 07:00:00,87953.57974749732,87953.57974749732,87953.57974749732,87953.57974749732,1744882942818.411,28897456435.08485
2025-03-26 08:00:00,88159.21504635461,88159.21504635461,88159.21504635461,88159.21504635461,1749759369727.404,28383627895.402317
2025-03-26 09:00:00,87983.70142460795,87983.70142460795,87983.70142460795,87983.70142460795,1744915117149.8997,29607645894.21867
2025-03-26 10:00:00,87922.27667040464,87922.27667040464,87922.27667040464,87922.27667040464,1744565140314.6484,26818250424.260193
2025-03-26 11:00:00,88240.46256324385,88240.46256324385,88240.46256324385,88240.46256324385,1750831185408.176,26830550485.254684
2025-03-26 12:00:00,87998.8047039292,87998.8047039292,87998.8047039292,87998.8047039292,1746405672424.0217,28323994131.249474
2025-03-26 13:00:00,87795.45224485123,87795.45224485123,87795.45224485123,87795.45224485123,1741973983152.412,24568236963.751717
2025-03-26 14:00:00,87219.71294548987,87219.71294548987,87219.71294548987,87219.71294548987,1732822824687.2412,28526666987.08393
2025-03-26 15:00:00,86823.44172743564,86823.44172743564,86823.44172743564,86823.44172743564,1722186314268.7188,26849718510.173206
2025-03-26 16:00:00,86745.53174766526,86745.53174766526,86745.53174766526,86745.53174766526,1720746184854.1106,27350676632.845985
2025-03-26 17:00:00,86454.04031914235,86454.04031914235,86454.04031914235,86454.04031914235,1717233820992.4915,27296519734.135445
2025-03-26 18:00:00,86566.57610290994,86566.57610290994,86566.57610290994,86566.57610290994,1717634402682.2693,20493662541.845657
2025-03-26 19:00:00,86217.63942503363,86217.63942503363,86217.63942503363,86217.63942503363,1713126382648.927,27353673063.748257
2025-03-26 20:00:00,86625.17449589507,86625.17449589507,86625.17449589507,86625.17449589507,1719467194015.4705,25271613688.36781
2025-03-26 21:00:00,87199.42852219005,87199.42852219005,87199.42852219005,87199.42852219005,1729710808534.7258,28502305454.441372
2025-03-26 22:00:00,87150.9659589762,87150.9659589762,87150.9659589762,87150.9659589762,1729881301573.1968,25450064580.279488
2025-03-26 23:00:00,86817.98796198177,86817.98796198177,86817.98796198177,86817.98796198177,1722837475609.0845,24214995153.743797
2025-03-27 00:00:00,86913.68578612641,86913.68578612641,86913.68578612641,86913.68578612641,1724367665542.8616,25184660306.741398
2025-03-27 01:00:00,87277.52244284363,87277.52244284363,87277.52244284363,87277.52244284363,1730362247871.2178,25540194749.296482
2025-03-27 02:00:00,87484.22713450069,87484.22713450069,87484.22713450069,87484.22713450069,1735895769317.9255,25305971460.705265
2025-03-27 03:00:00,87636.52233889826,87636.52233889826,87636.52233889826,87636.52233889826,1740124145693.8254,26312739947.78807
2025-03-27 04:00:00,87684.58507410828,87684.58507410828,87684.58507410828,87684.58507410828,1739414777262.1968,21915113481.168404
2025-03-27 05:00:00,87519.00306751425,87519.00306751425,87519.00306751425,87519.00306751425,1736591615855.238,25491762300.230244
2025-03-27 06:00:00,87309.51046145338,87309.51046145338,87309.51046145338,87309.51046145338,1731829225219.1519,25530606156.562138
2025-03-27 07:00:00,87382.68434468325,87382.68434468325,87382.68434468325,87382.68434468325,1732939615490.1362,25202804754.906918
2025-03-27 08:00:00,87426.40019335548,87426.40019335548,87426.40019335548,87426.40019335548,1734508962976.6873,20712779310.991844
2025-03-27 09:00:00,87468.52663938893,87468.52663938893,87468.52663938893,87468.52663938893,1734754227151.5154,24544348025.04745
2025-03-27 10:00:00,87517.37274800161,87517.37274800161,87517.37274800161,87517.37274800161,1736633976406.2688,24211544540.829872
2025-03-27 11:00:00,87227.42279262032,87227.42279262032,87227.42279262032,87227.42279262032,1730810660127.1055,19970067757.117313
2025-03-27 12:00:00,86886.0329308739,86886.0329308739,86886.0329308739,86886.0329308739,1724488132739.8843,25058625822.831005
2025-03-27 13:00:00,86836.77934030221,86836.77934030221,86836.77934030221,86836.77934030221,1722856496863.3748,24528416764.944305
2025-03-27 14:00:00,86311.36672144024,86311.36672144024,86311.36672144024,86311.36672144024,1709624158236.8616,24957254379.15693
2025-03-27 15:00:00,87284.7757395601,87284.7757395601,87284.7757395601,87284.7757395601,1730330016604.1394,23972308207.355747
2025-03-27 16:00:00,86951.76421649675,86951.76421649675,86951.76421649675,86951.76421649675,1726953435972.8914,21890977284.903522
2025-03-27 17:00:00,86803.87202525735,86803.87202525735,86803.87202525735,86803.87202525735,1722914049096.5818,26277064382.60975
2025-03-27 18:00:00,86901.47646822476,86901.47646822476,86901.47646822476,86901.47646822476,1726857730935.2085,26668232714.970627
2025-03-27 19:00:00,87207.48052895733,87207.48052895733,87207.48052895733,87207.48052895733,1730442164374.644,25392890315.657364
2025-03-27 20:00:00,87022.23634069061,87022.23634069061,87022.23634069061,87022.23634069061,1729429584548.8413,18760248906.758682
2025-03-27 21:00:00,87311.73452661555,87311.73452661555,87311.73452661555,87311.73452661555,1732206335787.5352,23460302474.523922
2025-03-27 22:00:00,87577.72538017163,87577.72538017163,87577.72538017163,87577.72538017163,1736644651441.304,23720111591.73468
2025-03-27 23:00:00,87305.46595898429,87305.46595898429,87305.46595898429,87305.46595898429,1733395500667.403,24355802796.690277
2025-03-28 00:00:00,87212.97468263778,87212.97468263778,87212.97468263778,87212.97468263778,1730130227423.7974,24027993322.40388
2025-03-28 01:00:00,87337.4665470881,87337.4665470881,87337.4665470881,87337.4665470881,1734187557294.3062,24072008462.965023
2025-03-28 02:00:00,87220.58974772833,87220.58974772833,87220.58974772833,87220.58974772833,1730941850542.6736,22734848954.768867
2025-03-28 03:00:00,87003.73711142981,87003.73711142981,87003.73711142981,87003.73711142981,1728490635726.9468,24173829152.53246
2025-03-28 04:00:00,86777.75784016024,86777.75784016024,86777.75784016024,86777.75784016024,1722563588370.4658,24292573153.979626
2025-03-28 05:00:00,86254.14224809303,86254.14224809303,86254.14224809303,86254.14224809303,1708048440556.8352,25569565949.290546
2025-03-28 06:00:00,86031.83128027114,86031.83128027114,86031.83128027114,86031.83128027114,1708075853872.5986,24904628300.173683
2025-03-28 07:00:00,85660.18490491247,85660.18490491247,85660.18490491247,85660.18490491247,1699690534284.8665,27060183887.73245
2025-03-28 08:00:00,85374.42563128132,85374.42563128132,85374.42563128132,85374.42563128132,1694279645149.3413,28629449112.561867
2025-03-28 09:00:00,85205.94321631963,85205.94321631963,85205.94321631963,85205.94321631963,1690860134950.1863,25107280335.88548
2025-03-28 10:00:00,85114.01221695973,85114.01221695973,85114.01221695973,85114.01221695973,1688950152070.6284,28336577807.026863
2025-03-28 11:00:00,84893.79618774568,84893.79618774568,84893.79618774568,84893.79618774568,1684035792799.1892,30691312209.554523
2025-03-28 12:00:00,85167.80064394798,85167.80064394798,85167.80064394798,85167.80064394798,1690110018898.767,30960776787.35904
2025-03-28 13:00:00,85022.1158107608,85022.1158107608,85022.1158107608,85022.1158107608,1689910559338.6191,31694388618.295437
2025-03-28 14:00:00,84996.80217812448,84996.80217812448,84996.80217812448,84996.80217812448,1685518037490.859,24547018710.769196
2025-03-28 15:00:00,84315.24214798606,84315.24214798606,84315.24214798606,84315.24214798606,1670777670689.3408,28569431407.02376
2025-03-28 16:00:00,84082.29777900936,84082.29777900936,84082.29777900936,84082.29777900936,1667101365265.9006,29194309757.628998
2025-03-28 17:00:00,83719.60743307101,83719.60743307101,83719.60743307101,83719.60743307101,1662269903234.2258,32080481521.25397
2025-03-28 18:00:00,83952.91072558291,83952.91072558291,83952.91072558291,83952.91072558291,1665658795200.269,31723164536.121426
2025-03-28 19:00:00,83827.52742896962,83827.52742896962,83827.52742896962,83827.52742896962,1663444134029.4253,31850913656.0039
2025-03-28 20:00:00,83785.9970399872,83785.9970399872,83785.9970399872,83785.9970399872,1662382277294.8867,33134399361.6655
2025-03-28 21:00:00,83762.71757013239,83762.71757013239,83762.71757013239,83762.71757013239,1662498571168.8237,31150520912.108944
2025-03-28 22:00:00,83955.84709919438,83955.84709919438,83955.84709919438,83955.84709919438,1665546505824.7458,30889634879.47576
2025-03-28 23:00:00,84478.16251367884,84478.16251367884,84478.16251367884,84478.16251367884,1675354695338.9177,30159125052.807995
2025-03-29 00:00:00,84359.46915506005,84359.46915506005,84359.46915506005,84359.46915506005,1673182800974.1038,31674486232.097313
2025-03-29 01:00:00,84356.18868046836,84356.18868046836,84356.18868046836,84356.18868046836,1673965298635.8113,32113590891.423794
2025-03-29 02:00:00,84386.77613913322,84386.77613913322,84386.77613913322,84386.77613913322,1672206530760.273,33228986108.48189
2025-03-29 03:00:00,83837.05251809006,83837.05251809006,83837.05251809006,83837.05251809006,1663189129942.287,33958910981.950394
2025-03-29 04:00:00,84173.41437233011,84173.41437233011,84173.41437233011,84173.41437233011,1670360466058.2073,31965362204.456
2025-03-29 05:00:00,84045.10988015977,84045.10988015977,84045.10988015977,84045.10988015977,1667146376777.72,31729024279.040745
2025-03-29 06:00:00,83947.40619319715,83947.40619319715,83947.40619319715,83947.40619319715,1665829230773.5962,30278010701.88614
2025-03-29 07:00:00,83744.87093314683,83744.87093314683,83744.87093314683,83744.87093314683,1662034302294.1304,29768288292.211952
2025-03-29 08:00:00,83701.85920800563,83701.85920800563,83701.85920800563,83701.85920800563,1661375068418.7527,27694297172.449863
2025-03-29 09:00:00,83894.4274576301,83894.4274576301,83894.4274576301,83894.4274576301,1664547471931.3286,23956962478.94217
2025-03-29 10:00:00,83508.44848841902,83508.44848841902,83508.44848841902,83508.44848841902,1655807729350.0527,26649358925.22473
2025-03-29 11:00:00,82953.25385473119,82953.25385473119,82953.25385473119,82953.25385473119,1647942689671.8835,26985389132.434864
2025-03-29 12:00:00,82237.62203229136,82237.62203229136,82237.62203229136,82237.62203229136,1632024826959.83,24735379076.481697
2025-03-29 13:00:00,82396.18735905731,82396.18735905731,82396.18735905731,82396.18735905731,1634161640811.5872,26555982093.003212
2025-03-29 14:00:00,82793.81582488914,82793.81582488914,82793.81582488914,82793.81582488914,1642931108944.5088,19417016939.07493
2025-03-29 15:00:00,82471.49051640474,82471.49051640474,82471.49051640474,82471.49051640474,1637657259959.5964,20954810770.309135
2025-03-29 16:00:00,82386.35050942781,82386.35050942781,82386.35050942781,82386.35050942781,1634534304998.435,17946934139.761864
2025-03-29 17:00:00,82162.685941113,82162.685941113,82162.685941113,82162.685941113,1630418125750.231,17221197057.734447
2025-03-29 18:00:00,82346.68633969543,82346.68633969543,82346.68633969543,82346.68633969543,1634108730899.2373,19850028229.505623
2025-03-29 19:00:00,82305.29496801457,82305.29496801457,82305.29496801457,82305.29496801457,1632055609119.3994,19312016224.01923
2025-03-29 20:00:00,82502.35566528513,82502.35566528513,82502.35566528513,82502.35566528513,1638599930619.5493,16813286188.595509
2025-03-29 21:00:00,82483.38479164489,82483.38479164489,82483.38479164489,82483.38479164489,1636557562693.977,15033604187.562237
2025-03-29 22:00:00,82428.14555995223,82428.14555995223,82428.14555995223,82428.14555995223,1635690766361.1018,15695008247.57511
2025-03-29 23:00:00,82311.72140355429,82311.72140355429,82311.72140355429,82311.72140355429,1634799005934.615,15940848427.445204
2025-03-30 00:00:00,82603.84608714566,82603.84608714566,82603.84608714566,82603.84608714566,1639457830515.0764,16425351535.660994
2025-03-30 01:00:00,82780.67040433415,82780.67040433415,82780.67040433415,82780.67040433415,1642064975624.0315,14780618218.299532
2025-03-30 02:00:00,82930.05815369933,82930.05815369933,82930.05815369933,82930.05815369933,1645031735594.5586,16759506724.388903
2025-03-30 03:00:00,83292.98909963878,83292.98909963878,83292.98909963878,83292.98909963878,1651864880708.025,16005427277.407228
2025-03-30 04:00:00,83066.49252905766,83066.49252905766,83066.49252905766,83066.49252905766,1648242667004.5686,17013741125.346006
2025-03-30 05:00:00,83096.07674952217,83096.07674952217,83096.07674952217,83096.07674952217,1650896033248.459,16974828693.73428
2025-03-30 06:00:00,82935.22943299318,82935.22943299318,82935.22943299318,82935.22943299318,1645646088419.1191,16979562363.455618
2025-03-30 07:00:00,83137.68269393778,83137.68269393778,83137.68269393778,83137.68269393778,1649319481804.3945,13542288596.1423
2025-03-30 08:00:00,83053.40070328081,83053.40070328081,83053.40070328081,83053.40070328081,1648064630307.8945,14733482629.306595
2025-03-30 09:00:00,83353.632024973,83353.632024973,83353.632024973,83353.632024973,1653711804165.6245,16878375000.29647
2025-03-30 10:00:00,83440.59474949405,83440.59474949405,83440.59474949405,83440.59474949405,1656620353244.022,16178605582.852652
2025-03-30 11:00:00,83108.82259101293,83108.82259101293,83108.82259101293,83108.82259101293,1649392186665.3464,15489312073.829985
2025-03-30 12:00:00,83065.56137310392,83065.56137310392,83065.56137310392,83065.56137310392,1649240115998.0708,14397939311.113218
2025-03-30 13:00:00,83038.37790704927,83038.37790704927,83038.37790704927,83038.37790704927,1647367165353.5745,11243444524.511093
2025-03-30 14:00:00,82722.57464096136,82722.57464096136,82722.57464096136,82722.57464096136,1641556303387.7725,13651506824.044409
2025-03-30 15:00:00,82758.56160404938,82758.56160404938,82758.56160404938,82758.56160404938,1643026810098.352,14478602960.729437
2025-03-30 16:00:00,82681.44287077147,82681.44287077147,82681.44287077147,82681.44287077147,1641128590239.2827,13851367081.449612
2025-03-30 17:00:00,82274.6912690196,82274.6912690196,82274.6912690196,82274.6912690196,1632427796021.68,14284291176.322014
2025-03-30 18:00:00,82514.66681903032,82514.66681903032,82514.66681903032,82514.66681903032,1636608485260.195,13904007208.309381
2025-03-30 19:00:00,82727.0691413136,82727.0691413136,82727.0691413136,82727.0691413136,1640778628611.3518,13151252766.131523
2025-03-30 20:00:00,82515.76586162791,82515.76586162791,82515.76586162791,82515.76586162791,1637616326250.196,13409475284.15382
2025-03-30 21:00:00,82553.26654935416,82553.26654935416,82553.26654935416,82553.26654935416,1637688396357.9,13066589739.365843
2025-03-30 22:00:00,82190.67408154199,82190.67408154199,82190.67408154199,82190.67408154199,1629815120963.5671,13216164733.326347
2025-03-30 23:00:00,82377.94312671632,82377.94312671632,82377.94312671632,82377.94312671632,1637086369307.5815,14523903512.3047
2025-03-31 00:00:00,82355.18824543593,82355.18824543593,82355.18824543593,82355.18824543593,1634123949304.9016,12882081645.230942
2025-03-31 01:00:00,81615.15679949729,81615.15679949729,81615.15679949729,81615.15679949729,1619067701831.0938,14234443026.572197
2025-03-31 02:00:00,81825.6051256894,81825.6051256894,81825.6051256894,81825.6051256894,1623139934583.3152,15758510826.415176
2025-03-31 03:00:00,81914.94920836002,81914.94920836002,81914.94920836002,81914.94920836002,1626603778052.5808,15793580000.77007
2025-03-31 04:00:00,81496.23755227726,81496.23755227726,81496.23755227726,81496.23755227726,1616665509030.0527,14562655156.81983
2025-03-31 05:00:00,81892.18710736942,81892.18710736942,81892.18710736942,81892.18710736942,1622456847940.5986,17710682928.742985
2025-03-31 06:00:00,82121.83919121162,82121.83919121162,82121.83919121162,82121.83919121162,1629862584253.6653,17466531939.962482
2025-03-31 07:00:00,81981.93953358226,81981.93953358226,81981.93953358226,81981.93953358226,1626666179180.0017,17121575456.241575
2025-03-31 08:00:00,81884.11109014327,81884.11109014327,81884.11109014327,81884.11109014327,1623897591992.0618,19297703978.60489
2025-03-31 09:00:00,81882.34625826216,81882.34625826216,81882.34625826216,81882.34625826216,1625555978781.3257,19926328730.74158
2025-03-31 10:00:00,81488.96451396754,81488.96451396754,81488.96451396754,81488.96451396754,1614928127964.7046,20566460536.704803
2025-03-31 11:00:00,82184.6497493072,82184.6497493072,82184.6497493072,82184.6497493072,1630105053544.833,19574300937.92419
2025-03-31 12:00:00,82227.54336233468,82227.54336233468,82227.54336233468,82227.54336233468,1630259880152.9326,21677397047.884262
2025-03-31 13:00:00,82741.55197322981,82741.55197322981,82741.55197322981,82741.55197322981,1643789190191.39,20552042118.723705
2025-03-31 14:00:00,82553.4254041944,82553.4254041944,82553.4254041944,82553.4254041944,1638328666572.0774,24441967895.806602
2025-03-31 15:00:00,83500.4896400052,83500.4896400052,83500.4896400052,83500.4896400052,1660115966490.7869,26207354985.357533
2025-03-31 16:00:00,83447.38626910759,83447.38626910759,83447.38626910759,83447.38626910759,1655403659282.4858,28775593542.998875
2025-03-31 17:00:00,83277.76436696327,83277.76436696327,83277.76436696327,83277.76436696327,1652588202678.8787,28810068175.5503
2025-03-31 18:00:00,82643.59909200664,82643.59909200664,82643.59909200664,82643.59909200664,1640220005338.9495,27059929741.824867
2025-03-31 19:00:00,83299.9810590052,83299.9810590052,83299.9810590052,83299.9810590052,1652291105689.8757,25696732383.287865
2025-03-31 20:00:00,82348.25633896062,82348.25633896062,82348.25633896062,82348.25633896062,1635852560718.4355,30464047245.949497
2025-03-31 21:00:00,82394.12780936091,82394.12780936091,82394.12780936091,82394.12780936091,1635089361987.6716,24777608865.258823
2025-03-31 22:00:00,82542.85168725922,82542.85168725922,82542.85168725922,82542.85168725922,1638065268100.6265,31419666636.569595
2025-03-31 23:00:00,82372.42496571247,82372.42496571247,82372.42496571247,82372.42496571247,1633798787966.2148,30357000546.959167
2025-04-01 00:00:00,82553.23623643283,82553.23623643283,82553.23623643283,82553.23623643283,1637630753870.8704,25563649533.896156
2025-04-01 01:00:00,82632.17739877684,82632.17739877684,82632.17739877684,82632.17739877684,1640438624964.794,26281072993.08448
2025-04-01 02:00:00,82687.62921124356,82687.62921124356,82687.62921124356,82687.62921124356,1641312696168.2913,25615350269.83096
2025-04-01 03:00:00,83099.7132171393,83099.7132171393,83099.7132171393,83099.7132171393,1647827683654.8228,28329740730.40455
2025-04-01 04:00:00,82938.776894528,82938.776894528,82938.776894528,82938.776894528,1645464237452.5964,28432388359.392963
2025-04-01 05:00:00,83037.21355746588,83037.21355746588,83037.21355746588,83037.21355746588,1647902738187.318,24175658613.498203
2025-04-01 06:00:00,82965.36899692599,82965.36899692599,82965.36899692599,82965.36899692599,1647084862472.349,28093283099.652836
2025-04-01 07:00:00,83434.03386130522,83434.03386130522,83434.03386130522,83434.03386130522,1656500828505.6445,21063266603.44518
2025-04-01 08:00:00,83460.19817794718,83460.19817794718,83460.19817794718,83460.19817794718,1656018185696.6333,27757378813.46636
2025-04-01 09:00:00,84301.95269620928,84301.95269620928,84301.95269620928,84301.95269620928,1672666648611.1565,28489521236.196194
2025-04-01 10:00:00,84370.26093529824,84370.26093529824,84370.26093529824,84370.26093529824,1673886777363.0833,28005951192.21493
2025-04-01 11:00:00,84194.93109759485,84194.93109759485,84194.93109759485,84194.93109759485,1671667841964.8845,28505694643.86854
2025-04-01 12:00:00,83889.52404655488,83889.52404655488,83889.52404655488,83889.52404655488,1665038655185.6157,28529728833.762424
2025-04-01 13:00:00,83589.39097506716,83589.39097506716,83589.39097506716,83589.39097506716,1660631131476.4229,27412314330.22344
2025-04-01 14:00:00,83619.87350890883,83619.87350890883,83619.87350890883,83619.87350890883,1660147480030.7458,26875778658.77939
2025-04-01 15:00:00,84281.84680860782,84281.84680860782,84281.84680860782,84281.84680860782,1671784059972.967,25114148961.668224
2025-04-01 16:00:00,85311.29137218822,85311.29137218822,85311.29137218822,85311.29137218822,1692198383660.4175,24174551852.799816
2025-04-01 17:00:00,85089.10675897203,85089.10675897203,85089.10675897203,85089.10675897203,1690672888587.4946,26413732181.050247
2025-04-01 18:00:00,85253.00123334384,85253.00123334384,85253.00123334384,85253.00123334384,1692094220882.6409,29598591719.7757
2025-04-01 19:00:00,85133.05972535553,85133.05972535553,85133.05972535553,85133.05972535553,1687826679179.801,26283717606.899483
2025-04-01 20:00:00,84929.06237244017,84929.06237244017,84929.06237244017,84929.06237244017,1686033463176.7578,29534732174.078537
2025-04-01 21:00:00,85245.22438987631,85245.22438987631,85245.22438987631,85245.22438987631,1692094129551.8276,25650064898.36904
2025-04-01 22:00:00,85244.43181925929,85244.43181925929,85244.43181925929,85244.43181925929,1691907914157.5723,29355794172.034203
2025-04-01 23:00:00,85073.12003223266,85073.12003223266,85073.12003223266,85073.12003223266,1688786831339.5361,29678910840.35733
2025-04-02 00:00:00,85151.38359873935,85151.38359873935,85151.38359873935,85151.38359873935,1689879670634.6924,29670672164.87349
2025-04-02 01:00:00,84981.39412820044,84981.39412820044,84981.39412820044,84981.39412820044,1686025507206.8796,26849289307.878853
2025-04-02 02:00:00,85152.65632409418,85152.65632409418,85152.65632409418,85152.65632409418,1688803538310.2292,27105811148.298145
2025-04-02 03:00:00,84728.41789937182,84728.41789937182,84728.41789937182,84728.41789937182,1683049955934.1716,29470375236.418343
2025-04-02 04:00:00,84650.3303317548,84650.3303317548,84650.3303317548,84650.3303317548,1679151638877.7222,29771176229.10041
2025-04-02 05:00:00,84580.70592294853,84580.70592294853,84580.70592294853,84580.70592294853,1677454490922.6465,30071782497.63079
2025-04-02 06:00:00,84083.22112364328,84083.22112364328,84083.22112364328,84083.22112364328,1669449166506.5698,27348459019.06654
2025-04-02 07:00:00,84126.51474147492,84126.51474147492,84126.51474147492,84126.51474147492,1670769992930.4302,30454259461.216843
2025-04-02 08:00:00,84416.00027025993,84416.00027025993,84416.00027025993,84416.00027025993,1674801282401.6172,27710852493.3641
2025-04-02 09:00:00,84665.33194165595,84665.33194165595,84665.33194165595,84665.33194165595,1680004905194.4827,27188182151.94643
2025-04-02 10:00:00,85021.65957232645,85021.65957232645,85021.65957232645,85021.65957232645,1686580305631.5051,28301420685.726868
2025-04-02 11:00:00,84844.77000604966,84844.77000604966,84844.77000604966,84844.77000604966,1687102938838.2615,29580552850.53757
2025-04-02 12:00:00,84597.15150833085,84597.15150833085,84597.15150833085,84597.15150833085,1679228446467.2432,27853571978.93522
2025-04-02 13:00:00,84938.61029698861,84938.61029698861,84938.61029698861,84938.61029698861,1687359120917.6338,29202908702.90064
2025-04-02 14:00:00,85461.5657413444,85461.5657413444,85461.5657413444,85461.5657413444,1695003759397.5286,30699382150.49999
2025-04-02 15:00:00,86036.13444049208,86036.13444049208,86036.13444049208,86036.13444049208,1705431005727.5532,27512255878.855892
2025-04-02 16:00:00,86617.24415685238,86617.24415685238,86617.24415685238,86617.24415685238,1721128316534.6167,27171501037.532825
2025-04-02 17:00:00,87106.00781966242,87106.00781966242,87106.00781966242,87106.00781966242,1726775057382.305,32926776948.43761
2025-04-02 18:00:00,86612.92096605808,86612.92096605808,86612.92096605808,86612.92096605808,1718948607973.5908,34221437172.359905
2025-04-02 19:00:00,86317.97978903714,86317.97978903714,86317.97978903714,86317.97978903714,1712942901753.8013,34186846761.148643
2025-04-02 20:00:00,86412.29967901438,86412.29967901438,86412.29967901438,86412.29967901438,1714415914199.1282,32987667240.442547
2025-04-02 21:00:00,85654.66996320832,85654.66996320832,85654.66996320832,85654.66996320832,1699871882019.431,34110652032.56304
2025-04-02 22:00:00,84604.64636587836,84604.64636587836,84604.64636587836,84604.64636587836,1682231789872.079,45519488380.77094
2025-04-02 23:00:00,82670.64635520295,82670.64635520295,82670.64635520295,82670.64635520295,1642995522133.0803,45940274232.67593
2025-04-03 00:00:00,82526.4221526433,82526.4221526433,82526.4221526433,82526.4221526433,1637358764747.381,46332905657.77597
2025-04-03 01:00:00,83067.24275015933,83067.24275015933,83067.24275015933,83067.24275015933,1647837096555.4202,51076854220.90282
2025-04-03 02:00:00,83776.68744254543,83776.68744254543,83776.68744254543,83776.68744254543,1663592938437.6272,42315560971.23392
2025-04-03 03:00:00,83783.75496624704,83783.75496624704,83783.75496624704,83783.75496624704,1662196658801.6152,41750845130.14617
2025-04-03 04:00:00,83487.8420491959,83487.8420491959,83487.8420491959,83487.8420491959,1656585570074.6348,55299429663.012985
2025-04-03 05:00:00,83564.27184811681,83564.27184811681,83564.27184811681,83564.27184811681,1658287022920.429,53540608356.10901
2025-04-03 06:00:00,83409.39729897068,83409.39729897068,83409.39729897068,83409.39729897068,1655664599679.575,53122166406.67223
2025-04-03 07:00:00,83003.67579388311,83003.67579388311,83003.67579388311,83003.67579388311,1649006838122.5945,56313501453.10708
2025-04-03 08:00:00,83494.99176119595,83494.99176119595,83494.99176119595,83494.99176119595,1656528532296.4492,55357023269.36049
2025-04-03 09:00:00,83710.89586871512,83710.89586871512,83710.89586871512,83710.89586871512,1659142417815.4355,56720133153.202965
2025-04-03 10:00:00,83575.16343053042,83575.16343053042,83575.16343053042,83575.16343053042,1659441187689.0254,55899600175.60965
2025-04-03 11:00:00,83230.13519692069,83230.13519692069,83230.13519692069,83230.13519692069,1652456888779.9253,51495134756.62141
2025-04-03 12:00:00,83050.51017309572,83050.51017309572,83050.51017309572,83050.51017309572,1648503520181.4963,56425696776.94176
2025-04-03 13:00:00,81957.14755593218,81957.14755593218,81957.14755593218,81957.14755593218,1625196409962.2832,54319722448.73375
2025-04-03 14:00:00,81974.59932693769,81974.59932693769,81974.59932693769,81974.59932693769,1629460709637.7878,57834038924.678764
2025-04-03 15:00:00,81476.42191638195,81476.42191638195,81476.42191638195,81476.42191638195,1617785555469.2476,51926673213.41304
2025-04-03 16:00:00,82305.22481184445,82305.22481184445,82305.22481184445,82305.22481184445,1628450479858.025,55195286275.6087
2025-04-03 17:00:00,81831.40669422467,81831.40669422467,81831.40669422467,81831.40669422467,1622084897588.2407,50688817892.279816
2025-04-03 18:00:00,81883.96787174862,81883.96787174862,81883.96787174862,81883.96787174862,1623308109682.353,50844411993.05212
2025-04-03 19:00:00,82023.69651873449,82023.69651873449,82023.69651873449,82023.69651873449,1627264862788.4421,44281574929.73047
2025-04-03 20:00:00,82010.58295485632,82010.58295485632,82010.58295485632,82010.58295485632,1627677257083.6777,52805518321.396484
2025-04-03 21:00:00,82337.19466168135,82337.19466168135,82337.19466168135,82337.19466168135,1635086810109.0522,44053575615.33363
2025-04-03 22:00:00,82763.14038772575,82763.14038772575,82763.14038772575,82763.14038772575,1640771914359.8186,43974747542.62464
2025-04-03 23:00:00,82654.29602655036,82654.29602655036,82654.29602655036,82654.29602655036,1640610411811.1997,40608919507.91365
2025-04-04 00:00:00,83208.52796536,83208.52796536,83208.52796536,83208.52796536,1649883020931.6636,32092092444.889397
2025-04-04 01:00:00,83029.72559074209,83029.72559074209,83029.72559074209,83029.72559074209,1646666144705.237,30294579708.361736
2025-04-04 02:00:00,82676.67638736672,82676.67638736672,82676.67638736672,82676.67638736672,1641567684702.9478,36932660154.353065
2025-04-04 03:00:00,82870.73001816859,82870.73001816859,82870.73001816859,82870.73001816859,1643076446664.5627,36108484208.3857
2025-04-04 04:00:00,82793.26810143121,82793.26810143121,82793.26810143121,82793.26810143121,1643236784548.1006,32604011035.783726
2025-04-04 05:00:00,82709.74394735025,82709.74394735025,82709.74394735025,82709.74394735025,1641406971551.437,32784685540.304333
2025-04-04 06:00:00,83155.70194321594,83155.70194321594,83155.70194321594,83155.70194321594,1651068040645.0764,33439094927.153805
2025-04-04 07:00:00,83064.77766424145,83064.77766424145,83064.77766424145,83064.77766424145,1647752382555.4014,31722484736.03644
2025-04-04 08:00:00,84003.03159736587,84003.03159736587,84003.03159736587,84003.03159736587,1666395756766.055,25975259865.24822
2025-04-04 09:00:00,84375.94429798229,84375.94429798229,84375.94429798229,84375.94429798229,1674379018579.1582,37319407427.940384
2025-04-04 10:00:00,84613.64673947358,84613.64673947358,84613.64673947358,84613.64673947358,1680321724115.9402,37409909039.35253
2025-04-04 11:00:00,82548.3231829159,82548.3231829159,82548.3231829159,82548.3231829159,1637997289664.3364,38789591437.493645
2025-04-04 12:00:00,82701.99933626983,82701.99933626983,82701.99933626983,82701.99933626983,1637966658358.8079,43376683679.573105
2025-04-04 13:00:00,82809.93939073119,82809.93939073119,82809.93939073119,82809.93939073119,1643952888890.9731,39273633804.04626
2025-04-04 14:00:00,83238.43488678202,83238.43488678202,83238.43488678202,83238.43488678202,1652459275756.9006,40595155718.21919
2025-04-04 15:00:00,83111.34435575195,83111.34435575195,83111.34435575195,83111.34435575195,1649150655984.3906,44740397833.26715
2025-04-04 16:00:00,82881.13400156828,82881.13400156828,82881.13400156828,82881.13400156828,1643589145412.7842,45767666718.51474
2025-04-04 17:00:00,83345.06970919853,83345.06970919853,83345.06970919853,83345.06970919853,1653868009217.0232,46534525608.73695
2025-04-04 18:00:00,84430.20296834389,84430.20296834389,84430.20296834389,84430.20296834389,1675310985275.4434,47400773794.68037
2025-04-04 19:00:00,83881.50017713505,83881.50017713505,83881.50017713505,83881.50017713505,1664292537846.835,48675948167.99212
2025-04-04 20:00:00,84003.03688086948,84003.03688086948,84003.03688086948,84003.03688086948,1665064890775.585,48685504659.56455
2025-04-04 21:00:00,83997.83057459719,83997.83057459719,83997.83057459719,83997.83057459719,1667135112496.8494,48023269375.297325
2025-04-04 22:00:00,84162.25073278768,84162.25073278768,84162.25073278768,84162.25073278768,1670232776289.1284,45564894603.32469
2025-04-04 23:00:00,84032.71900547225,84032.71900547225,84032.71900547225,84032.71900547225,1667761443139.5173,47469588650.659355
2025-04-05 00:00:00,83733.5293123474,83733.5293123474,83733.5293123474,83733.5293123474,1664077710046.412,44828705325.184166
2025-04-05 01:00:00,83784.56595678756,83784.56595678756,83784.56595678756,83784.56595678756,1661136573619.2065,45482265480.65607
2025-04-05 02:00:00,83958.723779881,83958.723779881,83958.723779881,83958.723779881,1665779848251.5137,43149683403.38114
2025-04-05 03:00:00,83944.75551931879,83944.75551931879,83944.75551931879,83944.75551931879,1665499239892.37,44699029103.63448
2025-04-05 04:00:00,83616.73180229477,83616.73180229477,83616.73180229477,83616.73180229477,1660890159981.8696,45219603364.917305
2025-04-05 05:00:00,83658.77387416866,83658.77387416866,83658.77387416866,83658.77387416866,1658667926625.296,43037300008.586945
2025-04-05 06:00:00,83674.19259061506,83674.19259061506,83674.19259061506,83674.19259061506,1660313847060.5244,42415941851.523346
2025-04-05 07:00:00,83455.56861802349,83455.56861802349,83455.56861802349,83455.56861802349,1655444735653.7097,44312245416.114044
2025-04-05 08:00:00,83491.71149443637,83491.71149443637,83491.71149443637,83491.71149443637,1656420608366.4924,33860477897.633312
2025-04-05 09:00:00,83508.26233301332,83508.26233301332,83508.26233301332,83508.26233301332,1657545138102.1836,41538289934.712616
2025-04-05 10:00:00,83853.69411353327,83853.69411353327,83853.69411353327,83853.69411353327,1664225129899.6172,37442119183.05279
2025-04-05 11:00:00,83642.02603878912,83642.02603878912,83642.02603878912,83642.02603878912,1659506332930.3186,34124195355.40144
2025-04-05 12:00:00,83422.40556286192,83422.40556286192,83422.40556286192,83422.40556286192,1655557121183.4924,33090733070.581554
2025-04-05 13:00:00,83241.35572383246,83241.35572383246,83241.35572383246,83241.35572383246,1651719441848.9387,28826016518.12049
2025-04-05 14:00:00,82718.10761381598,82718.10761381598,82718.10761381598,82718.10761381598,1639591895249.8018,25381767510.22837
2025-04-05 15:00:00,82907.99227530952,82907.99227530952,82907.99227530952,82907.99227530952,1646606100644.1438,25993360394.662632
2025-04-05 16:00:00,82623.6290432163,82623.6290432163,82623.6290432163,82623.6290432163,1638091080943.347,22722300158.145954
2025-04-05 17:00:00,82734.08954677006,82734.08954677006,82734.08954677006,82734.08954677006,1640240622079.5967,20960055804.194088
2025-04-05 18:00:00,82819.72161473092,82819.72161473092,82819.72161473092,82819.72161473092,1643728414303.8528,18350074936.74171
2025-04-05 19:00:00,83065.2030025991,83065.2030025991,83065.2030025991,83065.2030025991,1648250718289.0232,16702996084.049162
2025-04-05 20:00:00,82842.65807273751,82842.65807273751,82842.65807273751,82842.65807273751,1643513831083.499,14767834624.497978
2025-04-05 21:00:00,83048.82025070609,83048.82025070609,83048.82025070609,83048.82025070609,1647859018406.3264,14836662136.022923
2025-04-05 22:00:00,82909.58127927136,82909.58127927136,82909.58127927136,82909.58127927136,1645021034817.4568,13262047441.74706
2025-04-05 23:00:00,83167.51792928776,83167.51792928776,83167.51792928776,83167.51792928776,1650411688906.9507,14712750992.349504
2025-04-06 00:00:00,83514.33824375339,83514.33824375339,83514.33824375339,83514.33824375339,1657421636425.5369,12379158344.909739
2025-04-06 01:00:00,83478.3555807481,83478.3555807481,83478.3555807481,83478.3555807481,1657200516750.2974,14147828229.411526
2025-04-06 02:00:00,83397.09190766429,83397.09190766429,83397.09190766429,83397.09190766429,1655267911233.643,12177791275.34085
2025-04-06 03:00:00,83276.1107612312,83276.1107612312,83276.1107612312,83276.1107612312,1652049065606.8743,13247194918.210222
2025-04-06 04:00:00,83315.28334221698,83315.28334221698,83315.28334221698,83315.28334221698,1653810839440.107,12034824513.735352
2025-04-06 05:00:00,83466.04551371699,83466.04551371699,83466.04551371699,83466.04551371699,1655920917712.5896,14310348452.824505
2025-04-06 06:00:00,83417.47028660915,83417.47028660915,83417.47028660915,83417.47028660915,1655684050100.992,13564235745.113823
2025-04-06 07:00:00,83089.49111405638,83089.49111405638,83089.49111405638,83089.49111405638,1649796209495.0623,13333120914.891941
2025-04-06 08:00:00,82975.83411105986,82975.83411105986,82975.83411105986,82975.83411105986,1648793251423.4883,14162306692.82024
2025-04-06 09:00:00,83007.51033558365,83007.51033558365,83007.51033558365,83007.51033558365,1647385381102.43,13820842994.066427
2025-04-06 10:00:00,83027.183569238,83027.183569238,83027.183569238,83027.183569238,1647512429693.3445,12263166526.030157
2025-04-06 11:00:00,82814.296001643,82814.296001643,82814.296001643,82814.296001643,1643537558879.2776,11546535037.20323
2025-04-06 12:00:00,82806.57594457337,82806.57594457337,82806.57594457337,82806.57594457337,1643737596595.784,13876552982.486824
2025-04-06 13:00:00,82640.53404661184,82640.53404661184,82640.53404661184,82640.53404661184,1639971430934.6333,12533112070.277021
2025-04-06 14:00:00,82259.21568163771,82259.21568163771,82259.21568163771,82259.21568163771,1632744528245.9473,11595902078.302656
2025-04-06 15:00:00,82583.11633305943,82583.11633305943,82583.11633305943,82583.11633305943,1639080378731.4302,14099673977.982374
2025-04-06 16:00:00,82409.48424398851,82409.48424398851,82409.48424398851,82409.48424398851,1637888083256.7256,14058332541.0709
2025-04-06 17:00:00,81902.07701788642,81902.07701788642,81902.07701788642,81902.07701788642,1625651963325.8162,14680680809.997856
2025-04-06 18:00:00,80308.20456629425,80308.20456629425,80308.20456629425,80308.20456629425,1601783415279.5671,17724315550.751553
2025-04-06 19:00:00,78970.01327663523,78970.01327663523,78970.01327663523,78970.01327663523,1567493641693.0686,21908662405.310764
2025-04-06 20:00:00,79727.02415711907,79727.02415711907,79727.02415711907,79727.02415711907,1580486347585.1765,24617195392.665432
2025-04-06 21:00:00,78831.61045651248,78831.61045651248,78831.61045651248,78831.61045651248,1563470201101.0007,23186821696.425507
2025-04-06 22:00:00,78898.16417534047,78898.16417534047,78898.16417534047,78898.16417534047,1567661089557.9304,29307589454.356834
2025-04-06 23:00:00,77918.79195001676,77918.79195001676,77918.79195001676,77918.79195001676,1548878815407.6177,33567369881.877934
2025-04-07 00:00:00,78366.83212378949,78366.83212378949,78366.83212378949,78366.83212378949,1550549463512.147,36923952133.53284
2025-04-07 01:00:00,78387.6912670073,78387.6912670073,78387.6912670073,78387.6912670073,1560455401827.6797,39992794599.495674
2025-04-07 02:00:00,78393.60272692906,78393.60272692906,78393.60272692906,78393.60272692906,1559191953437.0603,44321772596.82131
2025-04-07 03:00:00,78102.0875366474,78102.0875366474,78102.0875366474,78102.0875366474,1549430526415.4277,42298663801.337616
2025-04-07 04:00:00,77583.13554332654,77583.13554332654,77583.13554332654,77583.13554332654,1539434892231.5894,44555514956.13573
2025-04-07 05:00:00,76710.56508400357,76710.56508400357,76710.56508400357,76710.56508400357,1524283013946.7097,47896368012.98912
2025-04-07 06:00:00,76867.82910572468,76867.82910572468,76867.82910572468,76867.82910572468,1524882519665.9993,49979083049.667595
2025-04-07 07:00:00,74773.2587934775,74773.2587934775,74773.2587934775,74773.2587934775,1485815978054.9163,53377334138.2379
2025-04-07 08:00:00,75161.94887573915,75161.94887573915,75161.94887573915,75161.94887573915,1491406939638.3562,59497488627.39267
2025-04-07 09:00:00,76178.35448995476,76178.35448995476,76178.35448995476,76178.35448995476,1515887405897.9424,63458436854.36305
2025-04-07 10:00:00,76233.23187588078,76233.23187588078,76233.23187588078,76233.23187588078,1511686015352.23,64233755647.045845
2025-04-07 11:00:00,76919.88747388404,76919.88747388404,76919.88747388404,76919.88747388404,1524988357186.828,65625732179.40932
2025-04-07 12:00:00,76790.25609208614,76790.25609208614,76790.25609208614,76790.25609208614,1520687537282.9226,73216300274.3503
2025-04-07 13:00:00,77203.88350041474,77203.88350041474,77203.88350041474,77203.88350041474,1533281384736.0833,78122898372.43529
2025-04-07 14:00:00,78421.18308496752,78421.18308496752,78421.18308496752,78421.18308496752,1544077828086.7698,83384262481.13869
2025-04-07 15:00:00,79250.75260353838,79250.75260353838,79250.75260353838,79250.75260353838,1570053100333.2888,89979722382.1693
2025-04-07 16:00:00,78444.4226404733,78444.4226404733,78444.4226404733,78444.4226404733,1557057135171.0044,96904908891.59248
2025-04-07 17:00:00,77421.74966092409,77421.74966092409,77421.74966092409,77421.74966092409,1533141568616.0278,101852957602.38841
2025-04-07 18:00:00,79063.49516004637,79063.49516004637,79063.49516004637,79063.49516004637,1566697460486.156,104572725158.28871
2025-04-07 19:00:00,78467.73933090719,78467.73933090719,78467.73933090719,78467.73933090719,1557510373553.77,102287269406.92703
2025-04-07 20:00:00,78046.94250227706,78046.94250227706,78046.94250227706,78046.94250227706,1549094679958.2273,93420613946.55878
2025-04-07 21:00:00,78824.84561495368,78824.84561495368,78824.84561495368,78824.84561495368,1564983312198.438,92789985469.97688
2025-04-07 22:00:00,79172.2817090801,79172.2817090801,79172.2817090801,79172.2817090801,1573760779025.9575,99753479897.15236
2025-04-07 23:00:00,79898.18473633853,79898.18473633853,79898.18473633853,79898.18473633853,1589450404492.6758,92166207576.78459
2025-04-08 00:00:00,79462.14204389678,79462.14204389678,79462.14204389678,79462.14204389678,1573076427908.5059,90158806290.83464
2025-04-08 01:00:00,78928.09866658547,78928.09866658547,78928.09866658547,78928.09866658547,1567196347745.577,91724107591.94812
2025-04-08 02:00:00,80678.70925924664,80678.70925924664,80678.70925924664,80678.70925924664,1604409793247.252,87149322252.47937
2025-04-08 03:00:00,79900.64902994683,79900.64902994683,79900.64902994683,79900.64902994683,1585284055787.4487,76286124094.67517
2025-04-08 04:00:00,79875.47993646495,79875.47993646495,79875.47993646495,79875.47993646495,1582628276093.2075,89798087643.61368
2025-04-08 05:00:00,80007.32341078427,80007.32341078427,80007.32341078427,80007.32341078427,1590612629040.462,87142263774.70036
2025-04-08 06:00:00,79799.90914623915,79799.90914623915,79799.90914623915,79799.90914623915,1584402724642.0283,81327464093.54695
2025-04-08 07:00:00,79411.29383844102,79411.29383844102,79411.29383844102,79411.29383844102,1576133830964.9668,79429999806.93149
2025-04-08 08:00:00,79446.76021326096,79446.76021326096,79446.76021326096,79446.76021326096,1576845423451.0247,75014156425.23972
2025-04-08 09:00:00,79090.38478456163,79090.38478456163,79090.38478456163,79090.38478456163,1569534776726.5537,71849550189.01585
2025-04-08 10:00:00,78932.56330430893,78932.56330430893,78932.56330430893,78932.56330430893,1567005815002.176,70616511592.4608
2025-04-08 11:00:00,78970.69563692114,78970.69563692114,78970.69563692114,78970.69563692114,1568271491229.5403,68553734977.40481
2025-04-08 12:00:00,79860.58407289122,79860.58407289122,79860.58407289122,79860.58407289122,1586005815663.7627,65387728733.575195
2025-04-08 13:00:00,79830.81203946835,79830.81203946835,79830.81203946835,79830.81203946835,1584360309939.2405,65920330732.58972
2025-04-08 14:00:00,79839.36409691784,79839.36409691784,79839.36409691784,79839.36409691784,1585428515676.0603,64053199082.20768
2025-04-08 15:00:00,78772.54353637139,78772.54353637139,78772.54353637139,78772.54353637139,1563564389843.6035,53143447636.67016
2025-04-08 16:00:00,78407.02418753588,78407.02418753588,78407.02418753588,78407.02418753588,1556705357202.5322,44345337583.46566
2025-04-08 17:00:00,77348.32262284741,77348.32262284741,77348.32262284741,77348.32262284741,1535133323614.6626,46103293708.959076
2025-04-08 18:00:00,77268.01412263024,77268.01412263024,77268.01412263024,77268.01412263024,1533450028861.3318,47761896691.04623
2025-04-08 19:00:00,77152.06625886497,77152.06625886497,77152.06625886497,77152.06625886497,1533592784800.4521,47440759748.97461
2025-04-08 20:00:00,76748.49569818853,76748.49569818853,76748.49569818853,76748.49569818853,1520159789837.8298,48368260326.139145
2025-04-08 21:00:00,76989.32782724098,76989.32782724098,76989.32782724098,76989.32782724098,1528126984781.3508,47728873325.989624
2025-04-08 22:00:00,77011.48228778424,77011.48228778424,77011.48228778424,77011.48228778424,1528520889813.951,47978646923.28383
2025-04-08 23:00:00,76617.7575009251,76617.7575009251,76617.7575009251,76617.7575009251,1520642979656.125,48384581325.195854
2025-04-09 00:00:00,76300.77843824399,76300.77843824399,76300.77843824399,76300.77843824399,1514381125881.6816,47626917678.72891
2025-04-09 01:00:00,76436.39359258307,76436.39359258307,76436.39359258307,76436.39359258307,1517988404405.6704,48433689289.16818
2025-04-09 02:00:00,76006.86998159163,76006.86998159163,76006.86998159163,76006.86998159163,1507319818413.6582,49604807785.481636
2025-04-09 03:00:00,75658.78700635744,75658.78700635744,75658.78700635744,75658.78700635744,1501833764347.0083,51303326269.78315
2025-04-09 04:00:00,75101.3997278555,75101.3997278555,75101.3997278555,75101.3997278555,1491704237884.187,49797571155.19237
2025-04-09 05:00:00,76346.08636985684,76346.08636985684,76346.08636985684,76346.08636985684,1516694637963.6807,53867258035.36106
2025-04-09 06:00:00,76610.86422122183,76610.86422122183,76610.86422122183,76610.86422122183,1519540494039.714,52642266976.685005
2025-04-09 07:00:00,76915.69399121219,76915.69399121219,76915.69399121219,76915.69399121219,1528004355459.3567,52844236422.58714
2025-04-09 08:00:00,77711.09591952938,77711.09591952938,77711.09591952938,77711.09591952938,1542401795662.4558,57988781783.27727
2025-04-09 09:00:00,77268.17847587695,77268.17847587695,77268.17847587695,77268.17847587695,1533515271471.8323,58118883326.91038
2025-04-09 10:00:00,77316.05556408654,77316.05556408654,77316.05556408654,77316.05556408654,1534085116646.7168,58138375115.977196
2025-04-09 11:00:00,77214.3488944691,77214.3488944691,77214.3488944691,77214.3488944691,1534488205716.3945,58418427747.68415
2025-04-09 12:00:00,76129.73403043275,76129.73403043275,76129.73403043275,76129.73403043275,1511563133951.6997,60854388062.46817
2025-04-09 13:00:00,76829.34847591358,76829.34847591358,76829.34847591358,76829.34847591358,1524882583938.4546,51836222102.070076
2025-04-09 14:00:00,77860.31844171116,77860.31844171116,77860.31844171116,77860.31844171116,1545842940465.9028,60857356957.88401
2025-04-09 15:00:00,77023.89133348042,77023.89133348042,77023.89133348042,77023.89133348042,1531560816148.243,63555652152.19617
2025-04-09 16:00:00,77141.99408276133,77141.99408276133,77141.99408276133,77141.99408276133,1531972438433.7424,63342108403.41126
2025-04-09 17:00:00,78095.08055640166,78095.08055640166,78095.08055640166,78095.08055640166,1547747000081.6758,62246902656.5321
2025-04-09 18:00:00,81841.29813646984,81841.29813646984,81841.29813646984,81841.29813646984,1616111176533.5232,70626904455.33423
2025-04-09 19:00:00,81938.0185184143,81938.0185184143,81938.0185184143,81938.0185184143,1629171104707.747,75096524547.49097
2025-04-09 20:00:00,82328.13489688843,82328.13489688843,82328.13489688843,82328.13489688843,1634299020833.9878,76141645245.54094
2025-04-09 21:00:00,83004.7027605787,83004.7027605787,83004.7027605787,83004.7027605787,1645740861953.631,83392686956.00835
2025-04-09 22:00:00,83315.43959137528,83315.43959137528,83315.43959137528,83315.43959137528,1651763554184.9512,86771813610.8113
2025-04-09 23:00:00,83058.34775924393,83058.34775924393,83058.34775924393,83058.34775924393,1648524590006.9963,87562233420.75386
2025-04-10 00:00:00,82595.42668033838,82595.42668033838,82595.42668033838,82595.42668033838,1639326710291.1028,87537570479.44295
2025-04-10 01:00:00,82182.12470713933,82182.12470713933,82182.12470713933,82182.12470713933,1630733099896.3147,87059830380.59415
2025-04-10 02:00:00,82285.79183047339,82285.79183047339,82285.79183047339,82285.79183047339,1632762797581.0732,83567566570.09784
2025-04-10 03:00:00,82121.20904532197,82121.20904532197,82121.20904532197,82121.20904532197,1631488997082.6594,82206625245.50539
2025-04-10 04:00:00,81720.2016936257,81720.2016936257,81720.2016936257,81720.2016936257,1621386857955.0972,81046819990.53201
2025-04-10 05:00:00,82128.18344703503,82128.18344703503,82128.18344703503,82128.18344703503,1629772275168.6323,79519442459.42447
2025-04-10 06:00:00,82189.87168997104,82189.87168997104,82189.87168997104,82189.87168997104,1630043614786.982,79360467966.26245
2025-04-10 07:00:00,,,,,,0.0
2025-04-10 08:00:00,81696.40122795808,81696.40122795808,81618.62070888275,81618.62070888275,1620065550454.0662,148820565931.27728
2025-04-10 09:00:00,81532.13745973041,81532.13745973041,81532.13745973041,81532.13745973041,1619327811967.9006,75875374163.10333
2025-04-10 10:00:00,81656.71640958315,81656.71640958315,81656.71640958315,81656.71640958315,1620643899567.0596,73305880137.06934
2025-04-10 11:00:00,81549.5629152091,81549.5629152091,81549.5629152091,81549.5629152091,1617998979412.3567,71022137765.51314
2025-04-10 12:00:00,81773.4962941072,81773.4962941072,81773.4962941072,81773.4962941072,1623531417369.1677,69352938379.6774
2025-04-10 13:00:00,81658.41593509233,81658.41593509233,81658.41593509233,81658.41593509233,1620705167341.6694,65467398855.26968
2025-04-10 14:00:00,81024.51565768477,81024.51565768477,81024.51565768477,81024.51565768477,1610343551881.3892,68486263499.74985
2025-04-10 15:00:00,81329.67668040557,81329.67668040557,81329.67668040557,81329.67668040557,1615379250120.6492,67108594514.87676
2025-04-10 16:00:00,78835.58867030361,78835.58867030361,78835.58867030361,78835.58867030361,1565600420485.6387,65644111012.857376
2025-04-10 17:00:00,79368.23940861579,79368.23940861579,79368.23940861579,79368.23940861579,1575276292730.9788,70888634180.39557
2025-04-10 18:00:00,79297.99031979717,79297.99031979717,79297.99031979717,79297.99031979717,1572083267838.087,60756615340.33802
2025-04-10 19:00:00,79529.67606306932,79529.67606306932,79529.67606306932,79529.67606306932,1576963555204.816,54286898934.88174
2025-04-10 20:00:00,79724.89465979146,79724.89465979146,79724.89465979146,79724.89465979146,1582102154758.3362,51162850767.6052
2025-04-10 21:00:00,79878.62357184727,79878.62357184727,79878.62357184727,79878.62357184727,1585132821261.8242,47571379360.9424
2025-04-10 22:00:00,79709.36877328751,79709.36877328751,79709.36877328751,79709.36877328751,1582231333901.4172,45147645092.309654
2025-04-10 23:00:00,79715.508089801,79715.508089801,79715.508089801,79715.508089801,1582350886182.1143,43267549355.3218
2025-04-11 00:00:00,79556.41318002685,79556.41318002685,79556.41318002685,79556.41318002685,1579759626096.387,41077070897.03185
2025-04-11 01:00:00,79086.09032816654,79086.09032816654,79086.09032816654,79086.09032816654,1569820773518.5676,42227532911.570885
2025-04-11 02:00:00,80069.49594573223,80069.49594573223,80069.49594573223,80069.49594573223,1586950264960.4595,42567753205.5687
2025-04-11 03:00:00,80322.94507383362,80322.94507383362,80322.94507383362,80322.94507383362,1594479035913.2205,41263576603.720146
2025-04-11 04:00:00,80758.214835068,80758.214835068,80758.214835068,80758.214835068,1602943291518.562,42371197785.98522
2025-04-11 05:00:00,80822.59872142244,80822.59872142244,80822.59872142244,80822.59872142244,1604395572379.605,42594352398.682465
2025-04-11 06:00:00,80747.36408765496,80747.36408765496,80747.36408765496,80747.36408765496,1602454529046.795,42482180220.95143
2025-04-11 07:00:00,81065.03226648102,81065.03226648102,81065.03226648102,81065.03226648102,1609784875435.8481,42815481695.825836
2025-04-11 08:00:00,81251.15450032747,81251.15450032747,81251.15450032747,81251.15450032747,1612927954487.9326,40700503086.96724
2025-04-11 09:00:00,81531.54534166763,81531.54534166763,81531.54534166763,81531.54534166763,1617229911142.656,41637349591.5081
2025-04-11 10:00:00,82296.44406983381,82296.44406983381,82296.44406983381,82296.44406983381,1633856704944.1113,44592054194.714134
2025-04-11 11:00:00,82622.7737499299,82622.7737499299,82622.7737499299,82622.7737499299,1640130757305.6223,45228503158.325325
2025-04-11 12:00:00,82096.00775002626,82096.00775002626,82096.00775002626,82096.00775002626,1629132772454.2666,46155304045.27445
2025-04-11 13:00:00,82039.16991257631,82039.16991257631,82039.16991257631,82039.16991257631,1628761784529.5042,44957219232.776726
2025-04-11 14:00:00,82687.66283280615,82687.66283280615,82687.66283280615,82687.66283280615,1645092656553.07,43215910693.078125
2025-04-11 15:00:00,81969.68431773817,81969.68431773817,81969.68431773817,81969.68431773817,1627310039621.1714,45320627489.87455
2025-04-11 16:00:00,82480.3838471879,82480.3838471879,82480.3838471879,82480.3838471879,1637516530728.0256,40202150345.75773
2025-04-11 17:00:00,82782.29915850204,82782.29915850204,82782.29915850204,82782.29915850204,1643652813733.3223,36707765544.121765
2025-04-11 18:00:00,83874.22618739116,83874.22618739116,83874.22618739116,83874.22618739116,1664875977064.3557,35835556612.159004
2025-04-11 19:00:00,83625.9499325832,83625.9499325832,83625.9499325832,83625.9499325832,1660078305319.9258,38381445380.1516
2025-04-11 20:00:00,83820.09298809218,83820.09298809218,83820.09298809218,83820.09298809218,1664029222848.574,39626463277.5451
2025-04-11 21:00:00,83849.48096887217,83849.48096887217,83849.48096887217,83849.48096887217,1664531847718.7166,39649358027.51177
2025-04-11 22:00:00,83687.0262905728,83687.0262905728,83687.0262905728,83687.0262905728,1661589594904.3792,40119068155.5766
2025-04-11 23:00:00,83403.67277102497,83403.67277102497,83403.67277102497,83403.67277102497,1655983516594.6467,38099070316.84869
2025-04-12 00:00:00,83437.92254404748,83437.92254404748,83437.92254404748,83437.92254404748,1656563922943.2563,39789755580.940674
2025-04-12 01:00:00,83339.31246065375,83339.31246065375,83339.31246065375,83339.31246065375,1654687321128.0413,37868067045.200554
2025-04-12 02:00:00,83170.65968986193,83170.65968986193,83170.65968986193,83170.65968986193,1650992706177.0315,37918455876.84178
2025-04-12 03:00:00,82861.85819962031,82861.85819962031,82861.85819962031,82861.85819962031,1646123373470.1714,32318751442.107494
2025-04-12 04:00:00,82961.51750754256,82961.51750754256,82961.51750754256,82961.51750754256,1647311929052.9558,36636989852.724815
2025-04-12 05:00:00,83199.96650893788,83199.96650893788,83199.96650893788,83199.96650893788,1651910912459.766,36743861932.47194
2025-04-12 06:00:00,83303.79275397805,83303.79275397805,83303.79275397805,83303.79275397805,1653512323349.8318,36173265756.955925
2025-04-12 07:00:00,83549.9107448874,83549.9107448874,83549.9107448874,83549.9107448874,1658359377013.5618,35790775307.16792
2025-04-12 08:00:00,83704.62816108475,83704.62816108475,83704.62816108475,83704.62816108475,1662138780197.9504,35547950542.648155
2025-04-12 09:00:00,83666.1312703991,83666.1312703991,83666.1312703991,83666.1312703991,1659353915586.5288,33936008075.092648
2025-04-12 10:00:00,83500.54104423865,83500.54104423865,83500.54104423865,83500.54104423865,1657685505179.8318,32905129471.260765
2025-04-12 11:00:00,83447.195072062,83447.195072062,83447.195072062,83447.195072062,1655625540359.0881,31308450807.052475
2025-04-12 12:00:00,83502.21970476018,83502.21970476018,83502.21970476018,83502.21970476018,1657566453230.894,29752034592.281033
2025-04-12 13:00:00,83737.13579117409,83737.13579117409,83737.13579117409,83737.13579117409,1661423471023.872,29128529910.89431
2025-04-12 14:00:00,84428.14749494086,84428.14749494086,84428.14749494086,84428.14749494086,1675963149845.1973,23696964674.706665
2025-04-12 15:00:00,84884.66465071926,84884.66465071926,84884.66465071926,84884.66465071926,1685423130257.8955,27582963673.435135
2025-04-12 16:00:00,85008.74302161673,85008.74302161673,85008.74302161673,85008.74302161673,1688375264458.209,27402007024.141376
2025-04-12 17:00:00,84687.53545478488,84687.53545478488,84687.53545478488,84687.53545478488,1680677741014.3665,26671635706.551483
2025-04-12 18:00:00,84749.20272127507,84749.20272127507,84749.20272127507,84749.20272127507,1682298878511.3838,24876431519.27257
2025-04-12 19:00:00,85106.24814466636,85106.24814466636,85106.24814466636,85106.24814466636,1688998505401.0203,23519608210.049343
2025-04-12 20:00:00,84904.11727218305,84904.11727218305,84904.11727218305,84904.11727218305,1685249100229.9646,22475086129.55206
2025-04-12 21:00:00,85528.04428969568,85528.04428969568,85528.04428969568,85528.04428969568,1697349915910.7766,20979791604.324734
2025-04-12 22:00:00,85384.6852677325,85384.6852677325,85384.6852677325,85384.6852677325,1694533216118.0007,22612158931.712547
2025-04-12 23:00:00,85369.94860925588,85369.94860925588,85369.94860925588,85369.94860925588,1694666494691.161,22437523630.075287
2025-04-13 00:00:00,85296.72976736756,85296.72976736756,85296.72976736756,85296.72976736756,1693298115272.2937,22325929332.096783
2025-04-13 01:00:00,85464.59019442675,85464.59019442675,85464.59019442675,85464.59019442675,1696700989201.1313,21399222261.13456
2025-04-13 02:00:00,85337.18790410843,85337.18790410843,85337.18790410843,85337.18790410843,1694020394639.0994,23396242677.806522
2025-04-13 03:00:00,85232.85128493622,85232.85128493622,85232.85128493622,85232.85128493622,1691579466896.4778,24457704490.116997
2025-04-13 04:00:00,85422.0967425296,85422.0967425296,85422.0967425296,85422.0967425296,1696911209904.77,25560343378.302025
2025-04-13 05:00:00,84667.07071059634,84667.07071059634,84667.07071059634,84667.07071059634,1680895353730.1907,24731321788.50571
2025-04-13 06:00:00,84515.92251627243,84515.92251627243,84515.92251627243,84515.92251627243,1677539633798.1484,26262893325.624413
2025-04-13 07:00:00,84710.09360463546,84710.09360463546,84710.09360463546,84710.09360463546,1681937575141.4858,26386644957.651676
2025-04-13 08:00:00,84457.0360990321,84457.0360990321,84457.0360990321,84457.0360990321,1676928635383.6426,26235264077.84562
2025-04-13 09:00:00,84585.13863461434,84585.13863461434,84585.13863461434,84585.13863461434,1678576012243.0017,25866892892.878635
2025-04-13 10:00:00,84881.3367521123,84881.3367521123,84881.3367521123,84881.3367521123,1683967167504.354,27323440533.198444
2025-04-13 11:00:00,84668.81761593616,84668.81761593616,84668.81761593616,84668.81761593616,1680614157714.8914,26081174915.99955
2025-04-13 12:00:00,84446.94289624105,84446.94289624105,84446.94289624105,84446.94289624105,1675435317438.6394,26397290018.562984
2025-04-13 13:00:00,84436.51740072019,84436.51740072019,84436.51740072019,84436.51740072019,1676946323229.8643,28159487773.909782
2025-04-13 14:00:00,83648.98919141645,83648.98919141645,83648.98919141645,83648.98919141645,1661429160321.6543,26048780716.475864
2025-04-13 15:00:00,84031.22500638437,84031.22500638437,84031.22500638437,84031.22500638437,1667478310589.342,24769563529.27932
2025-04-13 16:00:00,83980.12231485195,83980.12231485195,83980.12231485195,83980.12231485195,1664660674946.1628,25328407067.985912
2025-04-13 17:00:00,84210.62712650532,84210.62712650532,84210.62712650532,84210.62712650532,1671546672394.2363,24986549564.45461
2025-04-13 18:00:00,84771.87106577087,84771.87106577087,84771.87106577087,84771.87106577087,1683556019237.149,24679527738.848885
2025-04-13 19:00:00,84731.50450347898,84731.50450347898,84731.50450347898,84731.50450347898,1682018693416.1511,25895428108.637703
2025-04-13 20:00:00,84017.0882151789,84017.0882151789,84017.0882151789,84017.0882151789,1666186342870.306,27256915334.673058
2025-04-13 21:00:00,83438.00410089483,83438.00410089483,83438.00410089483,83438.00410089483,1656865863443.602,25961464844.32891
2025-04-13 22:00:00,83574.27265943393,83574.27265943393,83574.27265943393,83574.27265943393,1658049216410.0396,26859453166.53088
2025-04-13 23:00:00,83330.90244768845,83330.90244768845,83330.90244768845,83330.90244768845,1655103263851.7512,28219796845.757812
2025-04-14 00:00:00,83637.28172222206,83637.28172222206,83637.28172222206,83637.28172222206,1660460168651.854,28804463914.194767
2025-04-14 01:00:00,84420.85655994239,84420.85655994239,84420.85655994239,84420.85655994239,1674233845138.73,28687054543.567158
2025-04-14 02:00:00,84188.62885806532,84188.62885806532,84188.62885806532,84188.62885806532,1671243315479.3315,29588528890.414555
2025-04-14 03:00:00,85142.12257679901,85142.12257679901,85142.12257679901,85142.12257679901,1690157296977.508,29052400164.1941
2025-04-14 04:00:00,84520.33459198069,84520.33459198069,84520.33459198069,84520.33459198069,1677050362904.956,31237009053.118988
2025-04-14 05:00:00,84908.86594967128,84908.86594967128,84908.86594967128,84908.86594967128,1685651952388.3608,29651147022.6566
2025-04-14 06:00:00,84464.7604669509,84464.7604669509,84464.7604669509,84464.7604669509,1677405211521.5603,29848560812.822533
2025-04-14 07:00:00,84551.38712005342,84551.38712005342,84551.38712005342,84551.38712005342,1678246239693.389,29758771728.241455
2025-04-14 08:00:00,84555.6272692444,84555.6272692444,84555.6272692444,84555.6272692444,1678494654422.7407,30124322587.092262
2025-04-14 09:00:00,84723.07963389653,84723.07963389653,84723.07963389653,84723.07963389653,1681022591456.8303,30125033691.47228
2025-04-14 10:00:00,84428.69559111315,84428.69559111315,84428.69559111315,84428.69559111315,1675873640446.6277,29412856192.643673
2025-04-14 11:00:00,84626.70459097729,84626.70459097729,84626.70459097729,84626.70459097729,1680639327268.5134,30848923328.692116
2025-04-14 12:00:00,84887.52973148914,84887.52973148914,84887.52973148914,84887.52973148914,1685032135817.3738,30839249973.236317
2025-04-14 13:00:00,85104.2026773784,85104.2026773784,85104.2026773784,85104.2026773784,1688967800409.4954,30988333334.62906
2025-04-14 14:00:00,84446.0708102059,84446.0708102059,84446.0708102059,84446.0708102059,1677347743951.2163,31227223620.751675
2025-04-14 15:00:00,85667.64514540603,85667.64514540603,85667.64514540603,85667.64514540603,1700484916398.3586,32496414004.012585
2025-04-14 16:00:00,84158.074707306,84158.074707306,84158.074707306,84158.074707306,1671124715672.5083,34036063036.06071
2025-04-14 17:00:00,84437.69989177307,84437.69989177307,84437.69989177307,84437.69989177307,1676211727474.1025,35315472059.30048
2025-04-14 18:00:00,84802.421103376,84802.421103376,84802.421103376,84802.421103376,1683410963460.4902,35472161766.72967
2025-04-14 19:00:00,84947.04782692718,84947.04782692718,84947.04782692718,84947.04782692718,1686248727418.8784,35537902440.184235
2025-04-14 20:00:00,84916.65944245027,84916.65944245027,84916.65944245027,84916.65944245027,1685672543793.0696,35492260043.1935
2025-04-14 21:00:00,84872.47644905868,84872.47644905868,84872.47644905868,84872.47644905868,1684683158271.2231,34863462682.38971
2025-04-14 22:00:00,84678.29714727977,84678.29714727977,84678.29714727977,84678.29714727977,1681062115807.3123,34075616806.901947
2025-04-14 23:00:00,84516.57227578854,84516.57227578854,84516.57227578854,84516.57227578854,1678082326458.5723,33472488655.716427
2025-04-15 00:00:00,84590.22055897689,84590.22055897689,84590.22055897689,84590.22055897689,1678629331479.658,33301832326.690807
2025-04-15 01:00:00,84805.40623454058,84805.40623454058,84805.40623454058,84805.40623454058,1683443766875.3496,32302286398.17088
2025-04-15 02:00:00,84973.75743867172,84973.75743867172,84973.75743867172,84973.75743867172,1687419436258.7405,30469383535.225815
2025-04-15 03:00:00,84909.8088011936,84909.8088011936,84909.8088011936,84909.8088011936,1685053615867.2373,28833215507.335575
2025-04-15 04:00:00,85264.26252155572,85264.26252155572,85264.26252155572,85264.26252155572,1692574867106.922,28438051177.296925
2025-04-15 05:00:00,85540.8011230295,85540.8011230295,85540.8011230295,85540.8011230295,1697276411902.327,27855974355.779774
2025-04-15 06:00:00,85650.19655642175,85650.19655642175,85650.19655642175,85650.19655642175,1700970615676.516,28093151424.647682
2025-04-15 07:00:00,85470.69141248541,85470.69141248541,85470.69141248541,85470.69141248541,1695457374876.8755,28175986120.09364
2025-04-15 08:00:00,85718.22005374837,85718.22005374837,85718.22005374837,85718.22005374837,1701534104617.8223,28075532993.712482
2025-04-15 09:00:00,85822.84294330432,85822.84294330432,85822.84294330432,85822.84294330432,1703833536519.283,28259366423.178886
2025-04-15 10:00:00,85917.26834462702,85917.26834462702,85917.26834462702,85917.26834462702,1705080170350.2478,27150999951.62466
2025-04-15 11:00:00,85620.89303105656,85620.89303105656,85620.89303105656,85620.89303105656,1699686702149.7595,28444107083.885624
2025-04-15 12:00:00,85568.11153809096,85568.11153809096,85568.11153809096,85568.11153809096,1698473477170.3079,28174722832.51464
2025-04-15 13:00:00,85750.21230099528,85750.21230099528,85750.21230099528,85750.21230099528,1700338311197.8452,27988401173.19857
2025-04-15 14:00:00,85643.31333199244,85643.31333199244,85643.31333199244,85643.31333199244,1700682297664.5164,26554300407.591824
2025-04-15 15:00:00,85196.52851347838,85196.52851347838,85196.52851347838,85196.52851347838,1691668570200.32,29242454005.53045
2025-04-15 16:00:00,84872.39518339455,84872.39518339455,84872.39518339455,84872.39518339455,1683600675844.9375,27696652739.79677
2025-04-15 17:00:00,84883.0020095308,84883.0020095308,84883.0020095308,84883.0020095308,1685311693993.3862,26958796605.14273
2025-04-15 18:00:00,84514.06417495162,84514.06417495162,84514.06417495162,84514.06417495162,1679289311535.7166,24536454489.79088
2025-04-15 19:00:00,84190.93368373165,84190.93368373165,84190.93368373165,84190.93368373165,1671719889037.0625,26156097391.003777
2025-04-15 20:00:00,84067.51559465779,84067.51559465779,84067.51559465779,84067.51559465779,1667966438481.707,25881358174.762314
2025-04-15 21:00:00,83969.38654754977,83969.38654754977,83969.38654754977,83969.38654754977,1665543952710.7776,25355937628.242596
2025-04-15 22:00:00,84088.84019229886,84088.84019229886,84088.84019229886,84088.84019229886,1669577732444.2578,25678958319.972904
2025-04-15 23:00:00,83820.92705842877,83820.92705842877,83820.92705842877,83820.92705842877,1663552155475.909,26005809621.213688
2025-04-16 00:00:00,83641.90418930881,83641.90418930881,83641.90418930881,83641.90418930881,1660632372163.9758,26417686833.658375
2025-04-16 01:00:00,83276.55042310501,83276.55042310501,83276.55042310501,83276.55042310501,1653335023432.833,26798205615.679115
2025-04-16 02:00:00,83588.3328373832,83588.3328373832,83588.3328373832,83588.3328373832,1659151097448.475,26955187256.836
2025-04-16 03:00:00,83852.32880812319,83852.32880812319,83852.32880812319,83852.32880812319,1664610661286.6252,26966686844.326843
2025-04-16 04:00:00,83691.3161157112,83691.3161157112,83691.3161157112,83691.3161157112,1661437237476.405,26301442392.055126
2025-04-16 05:00:00,83630.30378934758,83630.30378934758,83630.30378934758,83630.30378934758,1659206789310.9883,26103276604.783455
2025-04-16 06:00:00,83362.81469972755,83362.81469972755,83362.81469972755,83362.81469972755,1655608080710.209,26069970344.448807
2025-04-16 07:00:00,83671.63968678997,83671.63968678997,83671.63968678997,83671.63968678997,1660872628904.1116,26112189906.859047
2025-04-16 08:00:00,83268.76104504136,83268.76104504136,83268.76104504136,83268.76104504136,1653059665181.038,26158048077.24029
2025-04-16 09:00:00,83791.12089609494,83791.12089609494,83791.12089609494,83791.12089609494,1663381491032.8533,26146815711.618164
2025-04-16 10:00:00,83684.21939217026,83684.21939217026,83684.21939217026,83684.21939217026,1661654701390.285,26258983880.795704
2025-04-16 11:00:00,83940.193092368,83940.193092368,83940.193092368,83940.193092368,1666457838920.051,25854248038.409874
2025-04-16 12:00:00,84031.00362096768,84031.00362096768,84031.00362096768,84031.00362096768,1667885067856.4998,25743576996.57189
2025-04-16 13:00:00,83773.76770684845,83773.76770684845,83773.76770684845,83773.76770684845,1663151564325.8257,25845971837.80027
2025-04-16 14:00:00,84632.62914216601,84632.62914216601,84632.62914216601,84632.62914216601,1680559784898.8772,23292756009.63023
2025-04-16 15:00:00,84632.62914216601,84632.62914216601,84632.62914216601,84632.62914216601,1680559784898.8772,23292756009.63023
2025-04-16 16:00:00,84881.20601105259,84881.20601105259,84881.20601105259,84881.20601105259,1685161914451.63,23750905084.113583
2025-04-16 17:00:00,85164.83798446032,85164.83798446032,85164.83798446032,85164.83798446032,1690706778234.622,24149764998.471424
2025-04-16 18:00:00,83592.78870942906,83592.78870942906,83592.78870942906,83592.78870942906,1664926961385.6804,25023448349.806973
2025-04-16 19:00:00,83927.46698655207,83927.46698655207,83927.46698655207,83927.46698655207,1664284627757.0254,27471477475.63384
2025-04-16 20:00:00,84335.5094604819,84335.5094604819,84335.5094604819,84335.5094604819,1674237188711.7854,28061136787.622017
2025-04-16 21:00:00,84407.0868388753,84407.0868388753,84407.0868388753,84407.0868388753,1676180718367.676,27878699090.11145
2025-04-16 22:00:00,84585.68630940643,84585.68630940643,84585.68630940643,84585.68630940643,1679405327717.3125,27794859857.025158
2025-04-16 23:00:00,84463.89043079078,84463.89043079078,84463.89043079078,84463.89043079078,1676678984251.998,27241753910.436047
2025-04-17 00:00:00,84058.84766997752,84058.84766997752,84058.84766997752,84058.84766997752,1669208341955.9485,26900020730.395645
2025-04-17 01:00:00,84169.25906554099,84169.25906554099,84169.25906554099,84169.25906554099,1670657898968.0234,26567846874.906364
2025-04-17 02:00:00,84289.10887462631,84289.10887462631,84289.10887462631,84289.10887462631,1673193419256.0068,25969019981.30882
2025-04-17 03:00:00,84233.9540809772,84233.9540809772,84233.9540809772,84233.9540809772,1670820777085.0022,25634000919.676163
2025-04-17 04:00:00,83998.8765062859,83998.8765062859,83998.8765062859,83998.8765062859,1667502790829.5183,25482060322.116005
2025-04-17 05:00:00,84114.96421410139,84114.96421410139,84114.96421410139,84114.96421410139,1669626840451.2756,25407630225.528187
2025-04-17 06:00:00,84424.6075788509,84424.6075788509,84424.6075788509,84424.6075788509,1676089951404.728,25050858377.81313
2025-04-17 07:00:00,84780.57098208612,84780.57098208612,84780.57098208612,84780.57098208612,1683040286501.054,24958752276.79313
2025-04-17 08:00:00,84657.33004725928,84657.33004725928,84657.33004725928,84657.33004725928,1680694320181.6797,24379641574.293026
2025-04-17 09:00:00,84470.83930024544,84470.83930024544,84470.83930024544,84470.83930024544,1676931653907.607,24242675075.877323
2025-04-17 10:00:00,84444.83113819316,84444.83113819316,84444.83113819316,84444.83113819316,1676100006261.067,23735005655.923225
2025-04-17 11:00:00,84338.83914942484,84338.83914942484,84338.83914942484,84338.83914942484,1674123197672.464,23624709338.54323
2025-04-17 12:00:00,84671.31259746742,84671.31259746742,84671.31259746742,84671.31259746742,1680716484631.7156,23593799403.747364
2025-04-17 13:00:00,84752.81095552155,84752.81095552155,84752.81095552155,84752.81095552155,1682755550121.3413,23600667130.420914
2025-04-17 14:00:00,84551.43324382056,84551.43324382056,84551.43324382056,84551.43324382056,1678552258549.4797,23285278418.471848
2025-04-17 15:00:00,84116.88582337098,84116.88582337098,84116.88582337098,84116.88582337098,1670172359215.6912,22950493838.413826
2025-04-17 16:00:00,84521.25838113441,84521.25838113441,84521.25838113441,84521.25838113441,1678244413469.0364,22317137866.099277
2025-04-17 17:00:00,84896.92624338971,84896.92624338971,84896.92624338971,84896.92624338971,1684083973744.39,21956636018.869995
2025-04-17 18:00:00,85130.287718885,85130.287718885,85130.287718885,85130.287718885,1690463924245.4377,20790646122.91963
2025-04-17 19:00:00,85099.49107256206,85099.49107256206,85099.49107256206,85099.49107256206,1691453349052.6572,20151824832.884544
2025-04-17 20:00:00,84850.50910583472,84850.50910583472,84850.50910583472,84850.50910583472,1683021750841.5688,19914133505.11131
2025-04-17 21:00:00,85111.67393566275,85111.67393566275,85111.67393566275,85111.67393566275,1689407728473.683,17702163128.16779
2025-04-17 22:00:00,85056.76185615391,85056.76185615391,85056.76185615391,85056.76185615391,1688465771447.9546,18781211909.755318
2025-04-17 23:00:00,84837.31546385802,84837.31546385802,84837.31546385802,84837.31546385802,1684987220414.797,19553847950.538727
2025-04-18 00:00:00,84946.9167296784,84946.9167296784,84946.9167296784,84946.9167296784,1686853537914.595,19288996288.863773
2025-04-18 01:00:00,84812.66058743586,84812.66058743586,84812.66058743586,84812.66058743586,1683329521681.2544,19064246796.35401
2025-04-18 02:00:00,84932.22254470258,84932.22254470258,84932.22254470258,84932.22254470258,1686195085236.14,19054439994.802692
2025-04-18 03:00:00,84877.16175933217,84877.16175933217,84877.16175933217,84877.16175933217,1685488709249.2664,19042730139.748035
2025-04-18 04:00:00,84819.48188695368,84819.48188695368,84819.48188695368,84819.48188695368,1683852570596.0845,18791809182.171223
2025-04-18 05:00:00,84693.92576511695,84693.92576511695,84693.92576511695,84693.92576511695,1681573176161.4175,18683307318.466324
2025-04-18 06:00:00,84680.34688547385,84680.34688547385,84680.34688547385,84680.34688547385,1681084164452.5947,18447176591.515533
2025-04-18 07:00:00,84719.19044705047,84719.19044705047,84719.19044705047,84719.19044705047,1681924421758.8403,18195151322.999283
2025-04-18 08:00:00,84641.30564762019,84641.30564762019,84641.30564762019,84641.30564762019,1680362631487.891,17985597649.815006
2025-04-18 09:00:00,84627.54918136004,84627.54918136004,84627.54918136004,84627.54918136004,1680105402361.9424,17867898390.25369
2025-04-18 10:00:00,84546.0386285242,84546.0386285242,84546.0386285242,84546.0386285242,1679124145116.2173,16730428617.031824
2025-04-18 11:00:00,84498.7745773988,84498.7745773988,84498.7745773988,84498.7745773988,1677896861974.3977,17717976972.50066
2025-04-18 12:00:00,84593.66315889767,84593.66315889767,84593.66315889767,84593.66315889767,1679104751971.1665,17851824118.60348
2025-04-18 13:00:00,84618.69491163455,84618.69491163455,84618.69491163455,84618.69491163455,1680100503272.2212,17129395832.669182
2025-04-18 14:00:00,84543.30063719767,84543.30063719767,84543.30063719767,84543.30063719767,1678281747856.2605,16584322324.825985
2025-04-18 15:00:00,84541.69566568747,84541.69566568747,84541.69566568747,84541.69566568747,1678378745778.504,15438505941.395224
2025-04-18 16:00:00,84382.34027186113,84382.34027186113,84382.34027186113,84382.34027186113,1675251292798.3071,14467776450.482706
2025-04-18 17:00:00,84455.82994619277,84455.82994619277,84455.82994619277,84455.82994619277,1676711557709.6987,13138728651.205233
2025-04-18 18:00:00,84543.02354629472,84543.02354629472,84543.02354629472,84543.02354629472,1678453680071.4846,12393870048.954319
2025-04-18 19:00:00,84599.59333023877,84599.59333023877,84599.59333023877,84599.59333023877,1679566267183.4626,11414742554.662062
2025-04-18 20:00:00,84535.96965601825,84535.96965601825,84535.96965601825,84535.96965601825,1678193986880.4192,10131080534.316948
2025-04-18 21:00:00,84495.66839467015,84495.66839467015,84495.66839467015,84495.66839467015,1677440518709.4849,9843657562.061895
2025-04-18 22:00:00,84589.93551188768,84589.93551188768,84589.93551188768,84589.93551188768,1679079545153.7322,9850179505.363543
2025-04-18 23:00:00,84507.5553544359,84507.5553544359,84507.5553544359,84507.5553544359,1677744600572.3074,9723087550.640936
2025-04-19 00:00:00,84447.77718147618,84447.77718147618,84447.77718147618,84447.77718147618,1676569222130.7378,9519084069.023277
2025-04-19 01:00:00,84430.13416891031,84430.13416891031,84430.13416891031,84430.13416891031,1676296346399.4524,9382419554.530506
2025-04-19 02:00:00,84537.56876723397,84537.56876723397,84537.56876723397,84537.56876723397,1678327221537.8987,9014768628.698553
2025-04-19 03:00:00,84750.96113857607,84750.96113857607,84750.96113857607,84750.96113857607,1682351349379.7422,9336293445.209038
2025-04-19 04:00:00,84873.33303095314,84873.33303095314,84873.33303095314,84873.33303095314,1685087906194.8247,9829576005.944397
2025-04-19 05:00:00,85039.73101895596,85039.73101895596,85039.73101895596,85039.73101895596,1688203932966.824,10382767554.343277
2025-04-19 06:00:00,85065.22675131068,85065.22675131068,85065.22675131068,85065.22675131068,1688938747110.5989,10357117094.931768
2025-04-19 07:00:00,84928.93649119227,84928.93649119227,84928.93649119227,84928.93649119227,1686095691228.5498,10456052815.209608
2025-04-19 08:00:00,85188.51899516837,85188.51899516837,85188.51899516837,85188.51899516837,1691180246237.5322,10403254268.60379
2025-04-19 09:00:00,85315.77967080926,85315.77967080926,85315.77967080926,85315.77967080926,1693792748277.6025,10263952595.087347
2025-04-19 10:00:00,85348.12052038811,85348.12052038811,85348.12052038811,85348.12052038811,1694808958397.7651,10662911320.514126
2025-04-19 11:00:00,85222.96773135632,85222.96773135632,85222.96773135632,85222.96773135632,1691962705126.4043,10620139110.541403
2025-04-19 12:00:00,85196.3572478893,85196.3572478893,85196.3572478893,85196.3572478893,1691454981263.1318,10710353363.186907
2025-04-19 13:00:00,85277.07094440877,85277.07094440877,85277.07094440877,85277.07094440877,1692981774074.7747,10660413635.525568
2025-04-19 14:00:00,85450.83762577904,85450.83762577904,85450.83762577904,85450.83762577904,1696587696988.6887,10842920131.508347
2025-04-19 15:00:00,85405.39779525725,85405.39779525725,85405.39779525725,85405.39779525725,1695167586026.0835,10794025109.328033
2025-04-19 16:00:00,85216.9255110766,85216.9255110766,85216.9255110766,85216.9255110766,1691399903923.1624,11784994687.32361
2025-04-19 17:00:00,84884.07476220753,84884.07476220753,84884.07476220753,84884.07476220753,1685074561813.5664,12353233486.837652
2025-04-19 18:00:00,85152.68414164294,85152.68414164294,85152.68414164294,85152.68414164294,1689342858361.017,12847557444.916637
2025-04-19 19:00:00,85145.76108784041,85145.76108784041,85145.76108784041,85145.76108784041,1690448418149.8623,13047475683.640976
2025-04-19 20:00:00,85081.67948116116,85081.67948116116,85081.67948116116,85081.67948116116,1689172186437.8704,12872906246.825203
2025-04-19 21:00:00,85202.13526291905,85202.13526291905,85202.13526291905,85202.13526291905,1691649600043.662,12869952385.398943
2025-04-19 22:00:00,85317.39798374778,85317.39798374778,85317.39798374778,85317.39798374778,1693809914261.5918,12868192057.133366
2025-04-19 23:00:00,85246.71284128349,85246.71284128349,85246.71284128349,85246.71284128349,1692401746417.0254,12731278593.332134
2025-04-20 00:00:00,85089.15978095334,85089.15978095334,85089.15978095334,85089.15978095334,1689897550386.7046,12670744245.852667
2025-04-20 01:00:00,85136.60177429907,85136.60177429907,85136.60177429907,85136.60177429907,1690014696810.214,12878809250.118336
2025-04-20 02:00:00,85279.66518510957,85279.66518510957,85279.66518510957,85279.66518510957,1692811017422.632,12986518209.386763
2025-04-20 03:00:00,85234.9939190133,85234.9939190133,85234.9939190133,85234.9939190133,1692087335729.1084,12709118146.570816
2025-04-20 04:00:00,85143.828498931,85143.828498931,85143.828498931,85143.828498931,1690194409231.552,12234548336.676558
2025-04-20 05:00:00,85195.6725951446,85195.6725951446,85195.6725951446,85195.6725951446,1691507765847.7295,11525255642.587013
2025-04-20 06:00:00,85100.82279248716,85100.82279248716,85100.82279248716,85100.82279248716,1689695694445.2742,11101878470.254309
2025-04-20 07:00:00,84950.9007313259,84950.9007313259,84950.9007313259,84950.9007313259,1686298015745.2847,11000452173.068111
2025-04-20 08:00:00,84777.37613360975,84777.37613360975,84777.37613360975,84777.37613360975,1683177171336.2463,11650049141.506971
2025-04-20 09:00:00,84631.43686608228,84631.43686608228,84631.43686608228,84631.43686608228,1680184114051.203,11591606870.61641
2025-04-20 10:00:00,84530.86583852716,84530.86583852716,84530.86583852716,84530.86583852716,1678096085084.5374,11508919534.937735
2025-04-20 11:00:00,84160.54490886752,84160.54490886752,84160.54490886752,84160.54490886752,1670762187235.1323,12059142439.175615
2025-04-20 12:00:00,84093.83367559967,84093.83367559967,84093.83367559967,84093.83367559967,1669332705575.1611,12230431550.36667
2025-04-20 13:00:00,84347.36438378347,84347.36438378347,84347.36438378347,84347.36438378347,1674631137236.5178,12572805575.256184
2025-04-20 14:00:00,84327.78944172559,84327.78944172559,84327.78944172559,84327.78944172559,1674901066601.6895,12620261042.668427
2025-04-20 15:00:00,84612.56642329428,84612.56642329428,84612.56642329428,84612.56642329428,1679947497347.6538,12740827260.99758
2025-04-20 16:00:00,84357.12486748009,84357.12486748009,84357.12486748009,84357.12486748009,1674854599497.571,11983928457.8797
2025-04-20 17:00:00,84598.16864692859,84598.16864692859,84598.16864692859,84598.16864692859,1679450311424.036,11407587141.556297
2025-04-20 18:00:00,84563.85942887008,84563.85942887008,84563.85942887008,84563.85942887008,1678984581602.7239,11178582344.299303
2025-04-20 19:00:00,84561.23870595935,84561.23870595935,84561.23870595935,84561.23870595935,1678657868644.1992,11015463675.223082
2025-04-20 20:00:00,84633.09631104583,84633.09631104583,84633.09631104583,84633.09631104583,1680256538983.5999,10930864938.457783
2025-04-20 21:00:00,85074.9301477244,85074.9301477244,85074.9301477244,85074.9301477244,1688901886144.595,11704693509.219442
2025-04-20 22:00:00,85006.65839359477,85006.65839359477,85006.65839359477,85006.65839359477,1688694921426.2583,11864783658.919407
2025-04-20 23:00:00,84832.44738276633,84832.44738276633,84832.44738276633,84832.44738276633,1684222671586.06,12104644653.904951
2025-04-21 00:00:00,85140.01930346077,85140.01930346077,85140.01930346077,85140.01930346077,1690139216751.109,12659750519.9577
2025-04-21 01:00:00,86714.02766242875,86714.02766242875,86714.02766242875,86714.02766242875,1721425730645.1816,16550336551.285799
2025-04-21 02:00:00,87278.3464593321,87278.3464593321,87278.3464593321,87278.3464593321,1732436011691.1497,18584663778.50882
2025-04-21 03:00:00,87325.35908063866,87325.35908063866,87325.35908063866,87325.35908063866,1733668510737.0144,21476209672.698124
2025-04-21 04:00:00,87228.60184957321,87228.60184957321,87228.60184957321,87228.60184957321,1731977330230.6045,22363232352.524635
2025-04-21 05:00:00,87323.94026251098,87323.94026251098,87323.94026251098,87323.94026251098,1733204022239.214,23210322907.112617
2025-04-21 06:00:00,87542.22595116406,87542.22595116406,87542.22595116406,87542.22595116406,1738150005061.5452,24074803466.54373
2025-04-21 07:00:00,87506.67640355151,87506.67640355151,87506.67640355151,87506.67640355151,1736836279219.3982,23102253316.562756
2025-04-21 08:00:00,87446.14418253464,87446.14418253464,87446.14418253464,87446.14418253464,1736558169218.7964,23917329535.529823
2025-04-21 09:00:00,87636.20600701202,87636.20600701202,87636.20600701202,87636.20600701202,1739408187537.8962,24436765056.41213
2025-04-21 10:00:00,87491.96387120764,87491.96387120764,87491.96387120764,87491.96387120764,1736958352401.776,24780648061.352463
2025-04-21 11:00:00,87345.61297579524,87345.61297579524,87345.61297579524,87345.61297579524,1734164511952.8972,24630464706.46601
2025-04-21 12:00:00,86951.23393622616,86951.23393622616,86951.23393622616,86951.23393622616,1726200002598.4736,25141594043.229687
2025-04-21 13:00:00,87029.4162966705,87029.4162966705,87029.4162966705,87029.4162966705,1728927741286.6418,25633493993.71133
2025-04-21 14:00:00,87170.64212179757,87170.64212179757,87170.64212179757,87170.64212179757,1734618492611.6084,27450943979.555202
2025-04-21 15:00:00,88183.22734480911,88183.22734480911,88183.22734480911,88183.22734480911,1748941429160.1885,31261793671.488033
2025-04-21 16:00:00,88053.972667927,88053.972667927,88053.972667927,88053.972667927,1748407937588.4556,33215138668.762897
2025-04-21 17:00:00,87263.62426688836,87263.62426688836,87263.62426688836,87263.62426688836,1734611966114.4485,35134749926.61371
2025-04-21 18:00:00,86906.81060010106,86906.81060010106,86906.81060010106,86906.81060010106,1726069731393.8,37090291609.68336
2025-04-21 19:00:00,86872.88362183892,86872.88362183892,86872.88362183892,86872.88362183892,1724187368943.985,38333572562.1111
2025-04-21 20:00:00,87267.08133220796,87267.08133220796,87267.08133220796,87267.08133220796,1734330690615.4822,39693997714.498726
2025-04-21 21:00:00,87240.99623910723,87240.99623910723,87240.99623910723,87240.99623910723,1732144742136.0881,39433392998.23552
2025-04-21 22:00:00,87133.19844863031,87133.19844863031,87133.19844863031,87133.19844863031,1732443419867.965,39735211417.973885
2025-04-21 23:00:00,87118.9841439109,87118.9841439109,87118.9841439109,87118.9841439109,1729717267456.5078,39801838176.88676
2025-04-22 00:00:00,87530.85023993472,87530.85023993472,87530.85023993472,87530.85023993472,1737318769836.1663,39741058939.04559
2025-04-22 01:00:00,87561.47787989446,87561.47787989446,87561.47787989446,87561.47787989446,1736748258355.5137,37449430343.86999
2025-04-22 02:00:00,88427.93464457903,88427.93464457903,88427.93464457903,88427.93464457903,1755654305286.7122,37264189843.56952
2025-04-22 03:00:00,88134.56104399524,88134.56104399524,88134.56104399524,88134.56104399524,1749229490364.2463,36333122609.88249
2025-04-22 04:00:00,88206.8971608964,88206.8971608964,88206.8971608964,88206.8971608964,1750647130673.2324,36335514896.34648
2025-04-22 05:00:00,88097.16160628853,88097.16160628853,88097.16160628853,88097.16160628853,1750626920579.5537,36422284422.60896
2025-04-22 06:00:00,88353.8950523597,88353.8950523597,88353.8950523597,88353.8950523597,1753605865509.4136,35189980620.64078
2025-04-22 07:00:00,88198.71827387622,88198.71827387622,88198.71827387622,88198.71827387622,1750671348388.759,36030781562.737785
2025-04-22 08:00:00,88439.4111997744,88439.4111997744,88439.4111997744,88439.4111997744,1754963175083.352,36371412799.49391
2025-04-22 09:00:00,88443.79494014631,88443.79494014631,88443.79494014631,88443.79494014631,1755635794295.6584,36636945223.480385
2025-04-22 10:00:00,88523.46935894903,88523.46935894903,88523.46935894903,88523.46935894903,1758170696246.565,36287607147.10234
2025-04-22 11:00:00,88555.86571149474,88555.86571149474,88555.86571149474,88555.86571149474,1758090161910.5203,36198348163.92091
2025-04-22 12:00:00,88615.97002846011,88615.97002846011,88615.97002846011,88615.97002846011,1760160388750.6772,35806515766.05048
2025-04-22 13:00:00,88978.81535347943,88978.81535347943,88978.81535347943,88978.81535347943,1764628876911.6484,36709697776.25621
2025-04-22 14:00:00,90194.6121299601,90194.6121299601,90194.6121299601,90194.6121299601,1790153604548.3687,39084954108.94737
2025-04-22 15:00:00,90772.12442241653,90772.12442241653,90772.12442241653,90772.12442241653,1801054216215.8625,38657341663.94076
2025-04-22 16:00:00,90907.45862548235,90907.45862548235,90907.45862548235,90907.45862548235,1803569016906.7856,44436225581.79293
2025-04-22 17:00:00,90772.46208096718,90772.46208096718,90772.46208096718,90772.46208096718,1801737124448.937,44112267482.280754
2025-04-22 18:00:00,91486.13734433235,91486.13734433235,91486.13734433235,91486.13734433235,1816619744098.2832,42564792978.80095
2025-04-22 19:00:00,91502.62798566568,91502.62798566568,91502.62798566568,91502.62798566568,1816443423932.1985,44707867395.205826
2025-04-22 20:00:00,91443.57232155654,91443.57232155654,91443.57232155654,91443.57232155654,1815809871233.4812,45783149005.930756
2025-04-22 21:00:00,91181.31706325726,91181.31706325726,91181.31706325726,91181.31706325726,1810771600010.068,45960913830.33559
2025-04-22 22:00:00,92780.03301369656,92780.03301369656,92780.03301369656,92780.03301369656,1837024259158.4739,50931728148.35159
2025-04-22 23:00:00,92890.82073039186,92890.82073039186,92890.82073039186,92890.82073039186,1843233524838.8752,51597175731.22217
2025-04-23 00:00:00,93518.26130183092,93518.26130183092,93518.26130183092,93518.26130183092,1856868361874.4824,56063636820.03722
2025-04-23 01:00:00,92980.77660341187,92980.77660341187,92980.77660341187,92980.77660341187,1846125501999.5737,57174986744.26466
2025-04-23 02:00:00,92765.40196195075,92765.40196195075,92765.40196195075,92765.40196195075,1841789443600.6943,55905920796.64228
2025-04-23 03:00:00,92861.56559827678,92861.56559827678,92861.56559827678,92861.56559827678,1843859856326.4192,55714467468.13759
2025-04-23 04:00:00,93191.46336099145,93191.46336099145,93191.46336099145,93191.46336099145,1850424434086.0996,55468272865.25316
2025-04-23 05:00:00,93539.16589703153,93539.16589703153,93539.16589703153,93539.16589703153,1855312545419.8604,56111159820.540665
2025-04-23 06:00:00,93533.65711519695,93533.65711519695,93533.65711519695,93533.65711519695,1857229702816.9692,56163009502.73425
2025-04-23 07:00:00,93680.63487801861,93680.63487801861,93680.63487801861,93680.63487801861,1859979274651.2817,56454614670.39402
2025-04-23 08:00:00,93966.3329099382,93966.3329099382,93966.3329099382,93966.3329099382,1865418681727.6624,57508057255.89716
2025-04-23 09:00:00,94294.96451438825,94294.96451438825,94294.96451438825,94294.96451438825,1871963016654.3428,57694311387.170906
2025-04-23 10:00:00,93845.59854642389,93845.59854642389,93845.59854642389,93845.59854642389,1864760717959.8171,58976578722.309296
2025-04-23 11:00:00,93715.60255843068,93715.60255843068,93715.60255843068,93715.60255843068,1860549685981.123,59139830907.23544
2025-04-23 12:00:00,93491.06534555122,93491.06534555122,93491.06534555122,93491.06534555122,1855630271114.133,58912483916.152306
2025-04-23 13:00:00,93772.95768584043,93772.95768584043,93772.95768584043,93772.95768584043,1861864983817.0134,58385680365.40563
2025-04-23 14:00:00,93257.51177479739,93257.51177479739,93257.51177479739,93257.51177479739,1856823900314.402,57381672661.28947
2025-04-23 15:00:00,93028.64308888822,93028.64308888822,93028.64308888822,93028.64308888822,1847996084173.941,52670242670.3859
2025-04-23 16:00:00,93025.32634165006,93025.32634165006,93025.32634165006,93025.32634165006,1843191536777.6008,53466121172.485115
2025-04-23 17:00:00,93660.67063956453,93660.67063956453,93660.67063956453,93660.67063956453,1858919116214.0002,52851719619.69919
2025-04-23 18:00:00,93871.60137754977,93871.60137754977,93871.60137754977,93871.60137754977,1863629038130.3179,52258468174.158936
2025-04-23 19:00:00,93702.96947748295,93702.96947748295,93702.96947748295,93702.96947748295,1860578567840.2747,51330073833.35134
2025-04-23 20:00:00,93534.41629158678,93534.41629158678,93534.41629158678,93534.41629158678,1856502606760.844,51039672785.339455
2025-04-23 21:00:00,93720.32472543613,93720.32472543613,93720.32472543613,93720.32472543613,1861297343259.5852,50086867477.541466
2025-04-23 22:00:00,93457.78218613163,93457.78218613163,93457.78218613163,93457.78218613163,1855785184553.2275,45057526327.38093
2025-04-23 23:00:00,93775.79949419561,93775.79949419561,93775.79949419561,93775.79949419561,1861921668241.5095,41659886814.724525
2025-04-24 00:00:00,93692.84058767844,93692.84058767844,93692.84058767844,93692.84058767844,1860131775120.3352,40090237856.18779
2025-04-24 01:00:00,93433.21370990733,93433.21370990733,93433.21370990733,93433.21370990733,1855549933637.4976,38706055020.481606
2025-04-24 02:00:00,93559.06623076717,93559.06623076717,93559.06623076717,93559.06623076717,1857313198799.906,37944799156.174995
2025-04-24 03:00:00,93177.55820369317,93177.55820369317,93177.55820369317,93177.55820369317,1850050714547.6091,36856520200.916916
2025-04-24 04:00:00,92791.86738499445,92791.86738499445,92791.86738499445,92791.86738499445,1842474798789.3818,36911538619.77387
2025-04-24 05:00:00,92830.13674508072,92830.13674508072,92830.13674508072,92830.13674508072,1843849315066.0566,36930723868.88209
2025-04-24 06:00:00,92422.33360998418,92422.33360998418,92422.33360998418,92422.33360998418,1835589643060.7397,36752630570.94276
2025-04-24 07:00:00,92481.314870863,92481.314870863,92481.314870863,92481.314870863,1836178564890.4995,36669100527.06194
2025-04-24 08:00:00,92215.58688600673,92215.58688600673,92215.58688600673,92215.58688600673,1830398858695.3057,36671837880.579666
2025-04-24 09:00:00,91979.55746381238,91979.55746381238,91979.55746381238,91979.55746381238,1825605510831.701,36915046411.95715
2025-04-24 10:00:00,92439.36671109166,92439.36671109166,92439.36671109166,92439.36671109166,1835234891168.6106,37608182926.18866
2025-04-24 11:00:00,92612.10443532834,92612.10443532834,92612.10443532834,92612.10443532834,1838969187457.58,36741048994.80879
2025-04-24 12:00:00,92619.17159627969,92619.17159627969,92619.17159627969,92619.17159627969,1838710083681.9355,36881481940.883125
2025-04-24 13:00:00,92758.39429904126,92758.39429904126,92758.39429904126,92758.39429904126,1841468966815.1672,36479021870.3379
2025-04-24 14:00:00,92792.50515530353,92792.50515530353,92792.50515530353,92792.50515530353,1840695283929.844,34372031502.18456
2025-04-24 15:00:00,93148.31526966579,93297.10103922045,93148.31526966579,93297.10103922045,1852507276290.6177,65857298775.13621
